<DATE>,<OPEN>,<HIGH>,<LOW>,<CLOSE>
9/11/2018,113830,114050,113790,113850
9/11/2018,113840,114000,113830,113940
9/11/2018,113940,114020,113920,113950
9/11/2018,113940,114000,113920,113940
9/11/2018,113940,113990,113920,113970
9/11/2018,113970,114070,113840,113980
9/11/2018,113960,114000,113890,113980
9/11/2018,113970,114000,113930,113970
9/11/2018,113950,113990,113920,113950
9/11/2018,113940,113980,113920,113980
9/11/2018,113970,113980,113930,113930
9/11/2018,113930,113940,113810,113910
9/11/2018,113920,113960,113860,113950
9/11/2018,113950,113990,113920,113970
9/11/2018,113970,114000,113910,114000
9/11/2018,114000,114030,113930,113970
9/11/2018,113960,113960,113910,113920
9/11/2018,113930,113930,113820,113910
9/11/2018,113910,113950,113890,113930
9/11/2018,113940,114010,113940,113980
9/11/2018,113970,114040,113940,114030
9/11/2018,114030,114040,113980,114000
9/11/2018,114000,114000,113950,113990
9/11/2018,113980,113990,113950,113980
9/11/2018,113980,114000,113960,113980
9/11/2018,113980,113990,113920,113960
9/11/2018,113960,114090,113950,114060
9/11/2018,114060,114070,114000,114040
9/11/2018,114050,114050,113940,113950
9/11/2018,113950,114020,113950,114020
9/11/2018,114020,114020,113960,114000
9/11/2018,114000,114060,114000,114000
9/11/2018,113990,114040,113990,114040
9/11/2018,114030,114050,113950,113960
9/11/2018,113960,113990,113900,113910
9/11/2018,113900,113910,113840,113910
9/11/2018,113910,113930,113880,113910
9/11/2018,113920,113950,113900,113950
9/11/2018,113950,113950,113910,113940
9/11/2018,113930,113960,113870,113910
9/11/2018,113900,113930,113860,113930
9/11/2018,113930,113930,113700,113820
9/11/2018,113810,113820,113730,113750
9/11/2018,113750,113750,113620,113640
9/11/2018,113650,113680,113620,113650
9/11/2018,113640,113660,113600,113640
9/11/2018,113640,113690,113630,113660
9/11/2018,113660,113680,113570,113600
9/11/2018,113600,113650,113580,113640
9/11/2018,113630,113700,113620,113700
9/11/2018,113700,113700,113640,113670
9/11/2018,113670,113690,113660,113660
9/11/2018,113650,113690,113600,113660
9/11/2018,113660,113710,113650,113700
9/11/2018,113690,113840,113690,113800
9/11/2018,113790,113830,113760,113810
9/11/2018,113810,113810,113760,113770
9/11/2018,113760,113800,113750,113780
9/11/2018,113780,113800,113740,113740
9/11/2018,113740,113770,113720,113730
9/11/2018,113740,113770,113660,113720
9/11/2018,113730,113810,113690,113740
9/11/2018,113740,113770,113720,113730
9/11/2018,113730,113750,113710,113730
9/11/2018,113730,113740,113630,113660
9/11/2018,113660,113670,113470,113510
9/11/2018,113510,113520,113410,113490
9/11/2018,113490,113570,113470,113540
9/11/2018,113550,113590,113510,113540
9/11/2018,113540,113540,113400,113430
9/11/2018,113420,113530,113400,113470
9/11/2018,113470,113520,113450,113510
9/11/2018,113520,113520,113470,113490
9/11/2018,113480,113510,113460,113510
9/11/2018,113510,113510,113430,113440
9/11/2018,113450,113510,113380,113380
9/11/2018,113380,113410,113350,113370
9/11/2018,113370,113380,113260,113320
9/11/2018,113320,113360,113300,113340
9/11/2018,113330,113400,113320,113350
9/11/2018,113350,113400,113320,113400
9/11/2018,113390,113410,113370,113390
9/11/2018,113390,113400,113250,113290
9/11/2018,113290,113350,113270,113300
9/11/2018,113290,113310,113260,113280
9/11/2018,113270,113280,113190,113250
9/11/2018,113260,113280,113220,113230
9/11/2018,113220,113240,113190,113230
9/11/2018,113220,113280,113220,113250
9/11/2018,113240,113310,113240,113260
9/11/2018,113260,113300,113240,113250
9/11/2018,113260,113360,113260,113330
9/11/2018,113330,113380,113320,113380
9/11/2018,113370,113380,113300,113320
9/11/2018,113320,113330,113220,113230
9/11/2018,113230,113350,113230,113290
9/11/2018,113290,113300,113230,113260
9/11/2018,113260,113260,113110,113130
9/11/2018,113120,113170,113110,113130
9/11/2018,113120,113170,113110,113140
9/11/2018,113140,113210,113140,113190
9/11/2018,113200,113240,113100,113110
9/11/2018,113110,113210,113100,113140
9/11/2018,113140,113160,113050,113100
9/11/2018,113100,113100,113000,113020
9/11/2018,113010,113120,112980,113080
9/11/2018,113080,113080,113030,113060
9/11/2018,113060,113070,113010,113070
9/11/2018,113060,113120,113040,113120
9/11/2018,113120,113210,113110,113170
9/11/2018,113180,113190,113080,113110
9/11/2018,113110,113170,113090,113150
9/11/2018,113140,113170,113140,113160
9/11/2018,113170,113170,113120,113120
9/11/2018,113120,113180,113120,113140
9/11/2018,113130,113210,113120,113210
9/11/2018,113210,113240,113160,113180
9/11/2018,113180,113210,113130,113140
9/11/2018,113150,113160,113070,113090
9/11/2018,113100,113100,113040,113040
9/11/2018,113040,113110,113030,113110
9/11/2018,113120,113200,113110,113110
9/11/2018,113110,113200,113080,113200
9/11/2018,113200,113280,113180,113270
9/11/2018,113250,113340,113250,113320
9/11/2018,113330,113340,113250,113260
9/11/2018,113260,113280,113210,113260
9/11/2018,113250,113260,113210,113230
9/11/2018,113230,113250,113210,113250
9/11/2018,113260,113290,113190,113190
9/11/2018,113200,113200,113110,113190
9/11/2018,113190,113260,113170,113230
9/11/2018,113220,113260,113200,113260
9/11/2018,113260,113300,113210,113220
9/11/2018,113220,113230,113160,113220
9/11/2018,113200,113250,113200,113230
9/11/2018,113220,113270,113180,113260
9/11/2018,113260,113260,113210,113240
9/11/2018,113210,113240,113200,113220
9/11/2018,113230,113300,113220,113260
9/11/2018,113280,113300,113230,113250
9/11/2018,113250,113340,113230,113290
9/11/2018,113290,113320,113260,113280
9/11/2018,113290,113290,113170,113170
9/11/2018,113190,113230,113180,113210
9/11/2018,113220,113230,113180,113180
9/11/2018,113180,113250,113160,113220
9/11/2018,113230,113250,113200,113240
9/11/2018,113250,113260,113230,113250
9/11/2018,113240,113250,113150,113180
9/11/2018,113180,113190,113110,113150
9/11/2018,113130,113180,113070,113100
9/11/2018,113110,113110,112990,113050
9/11/2018,113060,113150,113050,113130
9/11/2018,113120,113200,113110,113170
9/11/2018,113160,113200,113140,113150
9/11/2018,113160,113220,113160,113190
9/11/2018,113190,113200,113120,113130
9/11/2018,113140,113150,113110,113110
9/11/2018,113110,113140,113090,113130
9/11/2018,113120,113140,113040,113040
9/11/2018,113040,113050,112950,112980
9/11/2018,112980,113070,112980,113030
9/11/2018,113030,113060,113030,113050
9/11/2018,113050,113060,112950,112950
9/11/2018,112950,113000,112890,112900
9/11/2018,112890,112910,112840,112870
9/11/2018,112850,112880,112810,112850
9/11/2018,112870,112870,112780,112800
9/11/2018,112800,112830,112770,112810
9/11/2018,112800,112850,112780,112840
9/11/2018,112840,112850,112800,112810
9/11/2018,112810,112840,112780,112840
9/11/2018,112840,112890,112800,112840
9/11/2018,112840,112850,112820,112840
9/11/2018,112830,112930,112820,112930
9/11/2018,112930,112940,112880,112880
9/11/2018,112890,112910,112850,112850
9/11/2018,112860,112880,112810,112850
9/11/2018,112860,112920,112850,112900
9/11/2018,112900,112940,112870,112880
9/11/2018,112880,112890,112850,112850
9/11/2018,112850,112870,112780,112780
9/11/2018,112790,112870,112780,112830
9/11/2018,112820,112830,112740,112750
9/11/2018,112740,112840,112730,112810
9/11/2018,112800,112840,112780,112790
9/11/2018,112790,112850,112770,112840
9/11/2018,112830,112860,112830,112840
9/11/2018,112850,112850,112790,112810
9/11/2018,112810,112820,112720,112770
9/11/2018,112760,112840,112760,112840
9/11/2018,112840,112850,112810,112830
9/11/2018,112840,112860,112820,112840
9/11/2018,112830,112870,112810,112810
9/11/2018,112810,112830,112760,112760
9/11/2018,112780,112780,112740,112750
9/11/2018,112770,112770,112670,112680
9/11/2018,112680,112690,112600,112690
9/11/2018,112680,112690,112610,112610
9/11/2018,112610,112700,112590,112670
9/11/2018,112660,112690,112630,112690
9/11/2018,112690,112700,112650,112690
9/11/2018,112680,112690,112610,112610
9/11/2018,112610,112630,112560,112590
9/11/2018,112570,112620,112560,112580
9/11/2018,112580,112610,112540,112550
9/11/2018,112550,112580,112510,112550
9/11/2018,112540,112570,112440,112510
9/11/2018,112520,112540,112460,112520
9/11/2018,112520,112570,112460,112470
9/11/2018,112470,112500,112430,112480
9/11/2018,112460,112510,112460,112490
9/11/2018,112490,112520,112480,112510
9/11/2018,112510,112570,112500,112540
9/11/2018,112530,112570,112500,112540
9/11/2018,112540,112620,112500,112510
9/11/2018,112510,112520,112400,112420
9/11/2018,112420,112430,112260,112280
9/11/2018,112270,112280,112200,112230
9/11/2018,112230,112230,112180,112210
9/11/2018,112220,112230,112160,112180
9/11/2018,112160,112170,112110,112160
9/11/2018,112160,112160,112060,112080
9/11/2018,112090,112180,112060,112140
9/11/2018,112150,112160,112070,112120
9/11/2018,112110,112150,112070,112120
9/11/2018,112100,112110,112070,112080
9/11/2018,112090,112140,112070,112100
9/11/2018,112110,112180,112090,112180
9/11/2018,112180,112200,112150,112170
9/11/2018,112190,112190,112130,112170
9/11/2018,112160,112190,112160,112190
9/11/2018,112180,112220,112170,112220
9/11/2018,112210,112230,112190,112220
9/11/2018,112210,112220,112160,112180
9/11/2018,112180,112240,112180,112210
9/11/2018,112200,112240,112170,112240
9/11/2018,112240,112240,112190,112200
9/11/2018,112200,112200,112120,112120
9/11/2018,112130,112220,112120,112160
9/11/2018,112140,112210,112120,112190
9/11/2018,112190,112190,112090,112090
9/11/2018,112100,112100,112000,112020
9/11/2018,112010,112020,111880,111910
9/11/2018,111900,111910,111820,111830
9/11/2018,111820,111870,111800,111800
9/11/2018,111810,111830,111710,111710
9/11/2018,111710,111750,111680,111710
9/11/2018,111700,111710,111640,111660
9/11/2018,111650,111750,111600,111720
9/11/2018,111720,111780,111710,111760
9/11/2018,111760,111770,111680,111700
9/11/2018,111700,111740,111660,111690
9/11/2018,111700,111780,111630,111780
9/11/2018,111770,111830,111730,111800
9/11/2018,111810,112030,111770,111980
9/11/2018,111990,111990,111880,111920
9/11/2018,111920,112130,111920,112100
9/11/2018,112100,112190,112080,112140
9/11/2018,112150,112160,112030,112040
9/11/2018,112040,112050,112000,112010
9/11/2018,112000,112010,111920,111990
9/11/2018,111980,112000,111930,111960
9/11/2018,111960,111990,111920,111970
9/11/2018,111980,112090,111970,112030
9/11/2018,112040,112070,112010,112010
9/11/2018,112010,112030,111910,111930
9/11/2018,111920,112000,111920,112000
9/11/2018,112000,112010,111920,111930
9/11/2018,111920,111930,111750,111780
9/11/2018,111780,111810,111730,111750
9/11/2018,111740,111760,111580,111590
9/11/2018,111600,111630,111380,111440
9/11/2018,111440,111660,111410,111660
9/11/2018,111660,111660,111500,111520
9/11/2018,111520,111580,111460,111470
9/11/2018,111470,111570,111450,111510
9/11/2018,111510,111520,111420,111480
9/11/2018,111480,111510,111340,111360
9/11/2018,111350,111400,111240,111240
9/11/2018,111250,111260,111160,111190
9/11/2018,111180,111270,111100,111240
9/11/2018,111220,111250,111170,111180
9/11/2018,111170,111250,111120,111230
9/11/2018,111240,111420,111220,111410
9/11/2018,111400,111420,111350,111370
9/11/2018,111370,111370,111230,111250
9/11/2018,111250,111350,111230,111340
9/11/2018,111330,111370,111270,111370
9/11/2018,111370,111380,111310,111380
9/11/2018,111380,111380,111300,111300
9/11/2018,111300,111330,111290,111310
9/11/2018,111310,111370,111250,111370
9/11/2018,111350,111380,111290,111360
9/11/2018,111350,111390,111310,111380
9/11/2018,111370,111510,111370,111480
9/11/2018,111480,111530,111440,111480
9/11/2018,111500,111560,111490,111560
9/11/2018,111560,111570,111460,111490
9/11/2018,111480,111490,111440,111460
9/11/2018,111460,111470,111400,111430
9/11/2018,111430,111510,111390,111510
9/11/2018,111500,111510,111450,111470
9/11/2018,111480,111480,111430,111450
9/11/2018,111450,111460,111410,111460
9/11/2018,111450,111450,111380,111410
9/11/2018,111410,111420,111330,111370
9/11/2018,111370,111420,111350,111400
9/11/2018,111400,111410,111350,111360
9/11/2018,111360,111420,111330,111410
9/11/2018,111410,111440,111400,111400
9/11/2018,111410,111450,111390,111390
9/11/2018,111400,111450,111350,111430
9/11/2018,111440,111480,111420,111470
9/11/2018,111460,111510,111440,111450
9/11/2018,111440,111510,111430,111500
9/11/2018,111490,111500,111420,111430
9/11/2018,111430,111460,111400,111440
9/11/2018,111440,111450,111420,111440
9/11/2018,111440,111440,111380,111430
9/11/2018,111420,111420,111380,111410
9/11/2018,111410,111470,111410,111460
9/11/2018,111460,111460,111410,111440
9/11/2018,111460,111470,111410,111420
9/11/2018,111420,111440,111390,111390
9/11/2018,111390,111430,111380,111390
9/11/2018,111410,111440,111380,111400
9/11/2018,111410,111410,111310,111320
9/11/2018,111310,111370,111300,111330
9/11/2018,111320,111400,111310,111370
9/11/2018,111370,111400,111340,111350
9/11/2018,111330,111470,111300,111450
9/11/2018,111450,111490,111440,111480
9/11/2018,111480,111520,111460,111480
9/11/2018,111500,111540,111480,111520
9/11/2018,111500,111500,111430,111440
9/11/2018,111440,111460,111400,111460
9/11/2018,111450,111500,111440,111450
9/11/2018,111460,111470,111410,111460
9/11/2018,111450,111460,111420,111420
9/11/2018,111420,111440,111400,111410
9/11/2018,111420,111490,111400,111460
9/11/2018,111460,111490,111450,111480
9/11/2018,111490,111500,111440,111480
9/11/2018,111470,111520,111460,111490
9/11/2018,111500,111500,111430,111450
9/11/2018,111440,111510,111440,111500
9/11/2018,111500,111540,111500,111530
9/11/2018,111530,111550,111500,111500
9/11/2018,111510,111550,111500,111520
9/11/2018,111540,111540,111520,111540
9/11/2018,111550,111570,111540,111550
9/11/2018,111540,111550,111510,111520
9/11/2018,111520,111540,111500,111500
9/11/2018,111500,111530,111500,111520
9/11/2018,111520,111570,111490,111530
9/11/2018,111540,111630,111530,111630
9/11/2018,111630,111630,111540,111540
9/11/2018,111550,111650,111530,111630
9/11/2018,111610,111620,111520,111540
9/11/2018,111550,111560,111510,111520
9/11/2018,111510,111540,111470,111490
9/11/2018,111500,111520,111480,111490
9/11/2018,111490,111510,111440,111500
9/11/2018,111500,111510,111420,111440
9/11/2018,111440,111490,111420,111450
9/11/2018,111460,111520,111460,111490
9/11/2018,111500,111500,111460,111470
9/11/2018,111460,111470,111420,111420
9/11/2018,111420,111430,111350,111380
9/11/2018,111390,111430,111380,111430
9/11/2018,111430,111440,111390,111410
9/11/2018,111400,111490,111400,111480
9/11/2018,111480,111560,111470,111520
9/11/2018,111530,111550,111510,111520
9/11/2018,111520,111580,111510,111560
9/11/2018,111560,111580,111540,111570
9/11/2018,111570,111570,111540,111550
9/11/2018,111550,111570,111530,111530
9/11/2018,111540,111550,111490,111510
9/11/2018,111500,111520,111470,111520
9/11/2018,111530,111540,111510,111530
9/11/2018,111530,111530,111500,111520
9/11/2018,111520,111550,111510,111540
9/11/2018,111540,111550,111450,111480
9/11/2018,111480,111510,111460,111500
9/11/2018,111480,111480,111440,111470
9/11/2018,111460,111460,111410,111420
9/11/2018,111430,111450,111370,111400
9/11/2018,111400,111460,111390,111440
9/11/2018,111450,111500,111430,111490
9/11/2018,111490,111500,111450,111480
9/11/2018,111480,111500,111470,111480
9/11/2018,111490,111510,111480,111510
9/11/2018,111510,111530,111490,111530
9/11/2018,111520,111730,111520,111710
9/11/2018,111720,111730,111630,111630
9/11/2018,111640,111700,111630,111680
9/11/2018,111690,111800,111680,111740
9/11/2018,111750,111760,111700,111710
9/11/2018,111720,111750,111670,111670
9/11/2018,111690,111690,111570,111620
9/11/2018,111630,111680,111610,111670
9/11/2018,111670,111680,111620,111640
9/11/2018,111630,111630,111540,111580
9/11/2018,111580,111620,111520,111580
9/11/2018,111590,111610,111500,111510
9/11/2018,111510,111600,111500,111600
9/11/2018,111600,111640,111590,111640
9/11/2018,111630,111640,111560,111560
9/11/2018,111560,111560,111470,111480
9/11/2018,111480,111510,111430,111490
9/11/2018,111500,111570,111490,111510
9/11/2018,111510,111550,111490,111550
9/11/2018,111550,111560,111380,111420
9/11/2018,111430,111500,111390,111480
9/11/2018,111470,111510,111430,111490
9/11/2018,111490,111640,111480,111640
9/11/2018,111640,111780,111630,111750
9/11/2018,111760,111760,111680,111680
9/11/2018,111680,111730,111660,111690
9/11/2018,111690,111710,111630,111640
9/11/2018,111650,111710,111640,111700
9/11/2018,111700,111790,111670,111770
9/11/2018,111780,111840,111750,111770
9/11/2018,111770,111780,111680,111720
9/11/2018,111740,111740,111680,111700
9/11/2018,111710,111730,111680,111710
9/11/2018,111700,111710,111600,111620
9/11/2018,111620,111680,111610,111680
9/11/2018,111680,111700,111630,111630
9/11/2018,111620,111640,111540,111580
9/11/2018,111570,111610,111560,111580
9/11/2018,111590,111590,111530,111580
9/11/2018,111580,111580,111510,111540
9/11/2018,111550,111560,111510,111510
9/11/2018,111510,111560,111500,111550
9/11/2018,111550,111590,111520,111590
9/11/2018,111590,111610,111490,111520
9/11/2018,111530,111570,111520,111540
9/11/2018,111530,111530,111500,111510
9/11/2018,111510,111560,111500,111540
9/11/2018,111550,111580,111540,111570
9/11/2018,111570,111570,111460,111480
9/11/2018,111480,111500,111350,111400
9/11/2018,111400,111430,111330,111390
9/11/2018,111380,111480,111280,111410
9/11/2018,111420,111570,111400,111500
9/11/2018,111500,111510,111430,111460
9/11/2018,111460,111460,111400,111460
9/11/2018,111460,111520,111430,111430
9/11/2018,111430,111430,111360,111380
9/11/2018,111380,111410,111330,111390
9/11/2018,111370,111420,111270,111310
9/11/2018,111310,111360,111300,111330
9/11/2018,111320,111360,111290,111300
9/11/2018,111290,111370,111270,111360
9/11/2018,111360,111370,111180,111230
9/11/2018,111230,111240,111180,111190
9/11/2018,111180,111250,111170,111220
9/11/2018,111210,111260,111200,111200
9/11/2018,111200,111260,111190,111240
9/11/2018,111250,111350,111250,111300
9/11/2018,111300,111390,111290,111380
9/11/2018,111390,111410,111310,111310
9/11/2018,111320,111420,111310,111390
9/11/2018,111400,111410,111210,111210
9/11/2018,111220,111320,111090,111250
9/11/2018,111250,111280,111190,111200
9/11/2018,111200,111240,111180,111210
9/11/2018,111190,111220,111160,111220
9/11/2018,111210,111210,111170,111170
9/11/2018,111160,111170,111100,111140
9/11/2018,111130,111180,111120,111170
9/11/2018,111160,111340,111130,111330
9/11/2018,111330,111350,111280,111300
9/11/2018,111300,111320,111250,111260
9/11/2018,111260,111350,111240,111320
9/11/2018,111310,111350,111270,111320
9/11/2018,111320,111390,111320,111350
9/11/2018,111340,111480,111340,111470
9/11/2018,111470,111480,111390,111400
9/11/2018,111390,111400,111350,111360
9/11/2018,111350,111360,111250,111260
9/11/2018,111250,111320,111240,111300
9/11/2018,111290,111330,111250,111270
9/11/2018,111270,111300,111240,111280
9/11/2018,111280,111290,111220,111250
9/11/2018,111250,111300,111250,111300
9/11/2018,111300,111310,111230,111270
9/11/2018,111280,111340,111250,111330
9/11/2018,111330,111360,111290,111310
9/11/2018,111320,111380,111300,111360
9/11/2018,111360,111380,111320,111370
9/11/2018,111380,111420,111350,111350
9/11/2018,111350,111410,111340,111360
9/11/2018,111360,111360,110920,110960
9/11/2018,110970,111130,110950,111120
9/11/2018,111130,111150,111090,111130
9/11/2018,111140,111230,111110,111200
9/11/2018,111200,111230,111190,111230
9/11/2018,111220,111250,111170,111220
9/11/2018,111200,111230,111170,111210
9/11/2018,111220,111340,111210,111320
9/11/2018,111320,111370,111280,111350
9/11/2018,111360,111440,111340,111400
9/11/2018,111400,111490,111400,111470
9/11/2018,111470,111550,111440,111480
9/11/2018,111480,111490,111430,111460
9/11/2018,111460,111570,111460,111550
9/11/2018,111560,111610,111540,111600
9/11/2018,111600,111640,111580,111640
9/11/2018,111630,111650,111590,111640
9/11/2018,111640,111690,111630,111640
9/11/2018,111660,111710,111580,111620
9/11/2018,111630,111680,111580,111580
9/11/2018,111580,111620,111560,111590
9/11/2018,111580,111610,111530,111530
9/11/2018,111550,111550,111460,111530
9/11/2018,111510,111510,111510,111510
9/11/2018,111420,111700,111400,111620
9/11/2018,111620,111640,111530,111540
9/11/2018,111550,111590,111530,111560
9/11/2018,111550,111600,111530,111560
9/11/2018,111560,111570,111500,111530
9/11/2018,111530,111530,111450,111500
9/11/2018,111490,111550,111480,111500
9/11/2018,111510,111580,111510,111570
9/11/2018,111560,111570,111480,111490
9/11/2018,111480,111510,111400,111420
9/11/2018,111420,111450,111350,111430
9/11/2018,111420,111430,111390,111420
9/11/2018,111420,111470,111390,111420
9/11/2018,111420,111430,111380,111410
9/11/2018,111400,111490,111390,111450
9/11/2018,111450,111580,111440,111540
9/11/2018,111540,111540,111450,111470
9/11/2018,111500,111510,111450,111480
9/11/2018,111480,111480,111400,111410
9/11/2018,111410,111450,111400,111450
9/11/2018,111460,111500,111440,111480
9/11/2018,111480,111560,111480,111530
9/11/2018,111520,111550,111500,111520
9/11/2018,111520,111530,111410,111410
9/11/2018,111400,111420,111330,111410
9/11/2018,111400,111420,111330,111420
9/11/2018,111410,111460,111370,111430
9/11/2018,111430,111470,111410,111420
9/11/2018,111420,111470,111410,111470
9/11/2018,111480,111520,111460,111500
9/11/2018,111500,111660,111490,111610
9/11/2018,111620,111680,111620,111670
9/11/2018,111670,111770,111660,111720
9/11/2018,111720,111720,111610,111620
9/11/2018,111620,111630,111570,111580
9/11/2018,111570,111610,111520,111600
9/11/2018,111600,111680,111580,111640
9/11/2018,111640,111640,111490,111500
9/11/2018,111500,111580,111490,111510
9/11/2018,111520,111610,111490,111580
9/11/2018,111580,111580,111530,111540
9/11/2018,111550,111590,111480,111500
9/11/2018,111500,111530,111480,111500
9/11/2018,111500,111540,111460,111470
9/11/2018,111470,111500,111420,111490
9/11/2018,111480,111520,111450,111480
9/11/2018,111460,111460,111390,111400
9/11/2018,111410,111420,111340,111350
9/11/2018,111340,111360,111280,111290
9/11/2018,111270,111380,111250,111350
9/11/2018,111350,111450,111340,111440
9/11/2018,111430,111470,111370,111370
9/11/2018,111380,111450,111380,111440
9/11/2018,111440,111470,111440,111460
9/11/2018,111450,111460,111400,111430
9/11/2018,111420,111460,111390,111400
9/11/2018,111390,111470,111390,111390
9/11/2018,111380,111420,111360,111380
9/11/2018,111390,111410,111360,111390
9/11/2018,111380,111390,111310,111350
9/11/2018,111340,111410,111340,111360
9/11/2018,111370,111400,111370,111370
9/11/2018,111390,111430,111370,111420
9/11/2018,111420,111470,111390,111450
9/11/2018,111440,111500,111440,111440
9/11/2018,111430,111480,111400,111450
9/11/2018,111440,111470,111440,111450
9/11/2018,111450,111470,111390,111410
9/11/2018,111410,111430,111400,111430
9/11/2018,111420,111480,111410,111470
9/11/2018,111470,111540,111450,111480
9/11/2018,111490,111490,111460,111470
9/11/2018,111460,111500,111450,111500
9/11/2018,111510,111510,111420,111440
9/11/2018,111430,111490,111430,111490
9/11/2018,111480,111480,111440,111470
9/11/2018,111470,111470,111400,111410
9/11/2018,111420,111440,111400,111410
9/11/2018,111420,111470,111420,111440
9/11/2018,111430,111460,111430,111450
9/11/2018,111440,111520,111400,111420
9/11/2018,111430,111430,111350,111360
9/11/2018,111350,111350,111280,111310
9/11/2018,111330,111370,111310,111340
9/11/2018,111350,111380,111340,111370
9/11/2018,111370,111400,111340,111360
9/11/2018,111360,111360,111310,111320
9/11/2018,111340,111400,111340,111380
9/11/2018,111370,111380,111340,111350
9/11/2018,111350,111360,111320,111320
9/11/2018,111340,111370,111310,111370
9/11/2018,111370,111510,111370,111450
9/11/2018,111450,111470,111430,111430
9/11/2018,111440,111440,111390,111410
9/11/2018,111410,111440,111400,111420
9/11/2018,111410,111410,111330,111360
9/11/2018,111350,111360,111330,111350
9/11/2018,111350,111390,111320,111370
9/11/2018,111370,111380,111340,111380
9/11/2018,111390,111400,111370,111370
9/11/2018,111370,111430,111370,111430
9/11/2018,111420,111460,111410,111420
9/11/2018,111410,111420,111360,111380
9/11/2018,111390,111430,111390,111420
9/11/2018,111420,111440,111420,111420
9/11/2018,111420,111500,111420,111480
9/11/2018,111480,111490,111440,111490
9/11/2018,111490,111490,111450,111460
9/11/2018,111460,111480,111430,111470
9/11/2018,111480,111510,111470,111510
9/11/2018,111510,111520,111470,111490
9/11/2018,111490,111500,111470,111470
9/11/2018,111490,111490,111480,111480
9/11/2018,111470,111500,111470,111500
9/11/2018,111490,111500,111470,111500
9/11/2018,111490,111490,111470,111470
9/11/2018,111460,111470,111440,111460
9/11/2018,111470,111480,111430,111430
9/11/2018,111450,111450,111380,111380
9/11/2018,111380,111420,111370,111420
9/11/2018,111410,111420,111360,111400
9/11/2018,111400,111430,111380,111400
9/11/2018,111410,111470,111400,111430
9/11/2018,111430,111440,111400,111410
9/11/2018,111400,111410,111380,111410
9/11/2018,111390,111410,111370,111400
9/11/2018,111400,111420,111380,111400
9/11/2018,111410,111440,111400,111410
9/11/2018,111410,111430,111410,111430
9/11/2018,111430,111460,111420,111420
9/11/2018,111440,111440,111420,111430
9/11/2018,111430,111430,111430,111430
9/11/2018,111440,111440,111420,111430
9/11/2018,111430,111430,111430,111430
9/11/2018,111440,111440,111390,111400
9/11/2018,111410,111420,111400,111410
9/11/2018,111420,111430,111400,111420
9/11/2018,111400,111440,111390,111420
9/11/2018,111410,111410,111400,111400
9/11/2018,111400,111410,111370,111370
9/11/2018,111370,111390,111320,111360
9/11/2018,111360,111370,111340,111360
9/11/2018,111370,111380,111360,111360
9/11/2018,111390,111400,111380,111400
9/11/2018,111370,111410,111370,111410
9/11/2018,111400,111420,111400,111410
9/11/2018,111410,111420,111400,111410
9/11/2018,111400,111410,111380,111390
9/11/2018,111370,111400,111370,111400
9/11/2018,111390,111420,111390,111420
9/11/2018,111410,111410,111360,111360
9/11/2018,111360,111380,111320,111360
9/11/2018,111360,111360,111310,111320
9/11/2018,111310,111340,111310,111330
9/11/2018,111320,111330,111280,111310
9/11/2018,111330,111370,111320,111350
9/11/2018,111360,111390,111350,111390
9/11/2018,111390,111390,111350,111370
9/11/2018,111370,111380,111360,111370
9/11/2018,111360,111370,111340,111350
9/11/2018,111360,111360,111320,111360
9/11/2018,111360,111400,111360,111390
9/11/2018,111400,111420,111390,111390
9/11/2018,111380,111380,111360,111380
9/11/2018,111390,111390,111350,111360
9/11/2018,111360,111400,111360,111390
9/11/2018,111380,111380,111350,111350
9/11/2018,111350,111350,111310,111310
9/11/2018,111300,111330,111290,111330
9/11/2018,111320,111330,111320,111320
9/11/2018,111330,111360,111300,111310
9/11/2018,111300,111340,111300,111310
9/11/2018,111310,111340,111300,111320
9/11/2018,111340,111360,111330,111350
9/11/2018,111330,111350,111330,111330
9/11/2018,111330,111360,111330,111360
9/11/2018,111350,111370,111350,111370
9/11/2018,111360,111380,111360,111370
9/11/2018,111370,111370,111350,111360
9/11/2018,111350,111360,111330,111330
9/11/2018,111340,111380,111340,111360
9/11/2018,111380,111430,111370,111430
9/11/2018,111430,111470,111430,111440
9/11/2018,111440,111450,111420,111450
9/11/2018,111450,111460,111430,111440
9/11/2018,111440,111460,111430,111450
9/11/2018,111430,111440,111370,111370
9/11/2018,111370,111390,111370,111370
9/11/2018,111360,111380,111350,111360
9/11/2018,111370,111370,111300,111310
9/11/2018,111320,111320,111210,111230
9/11/2018,111240,111240,111160,111180
9/11/2018,111190,111190,111130,111160
9/11/2018,111150,111190,111140,111170
9/11/2018,111160,111220,111160,111220
9/11/2018,111220,111250,111210,111240
9/11/2018,111230,111280,111220,111250
9/11/2018,111240,111260,111200,111260
9/11/2018,111260,111270,111220,111260
9/11/2018,111250,111260,111110,111130
9/11/2018,111130,111160,111110,111150
9/11/2018,111140,111160,111130,111150
9/11/2018,111150,111180,111110,111140
9/11/2018,111140,111170,111130,111150
9/11/2018,111150,111180,111140,111170
9/11/2018,111170,111170,111150,111170
9/11/2018,111160,111170,111140,111150
9/11/2018,111150,111200,111150,111200
9/11/2018,111190,111190,111110,111110
9/11/2018,111120,111130,111060,111070
9/11/2018,111070,111120,111030,111100
9/11/2018,111090,111140,111080,111120
9/11/2018,111120,111130,111080,111100
9/11/2018,111090,111110,111050,111100
9/11/2018,111090,111170,111070,111170
9/11/2018,111170,111190,111150,111190
9/11/2018,111190,111290,111190,111240
9/11/2018,111230,111270,111210,111260
9/11/2018,111270,111290,111220,111260
9/11/2018,111270,111270,111220,111260
9/11/2018,111250,111290,111240,111290
9/11/2018,111300,111340,111270,111310
9/11/2018,111310,111330,111260,111260
9/11/2018,111250,111280,111250,111260
9/11/2018,111270,111280,111250,111260
9/11/2018,111260,111320,111260,111280
9/11/2018,111280,111330,111270,111310
9/11/2018,111300,111300,111160,111170
9/11/2018,111160,111200,111130,111180
9/11/2018,111190,111220,111190,111220
9/11/2018,111220,111250,111210,111210
9/11/2018,111220,111230,111170,111180
9/11/2018,111160,111260,111160,111250
9/11/2018,111250,111260,111200,111230
9/11/2018,111230,111290,111230,111260
9/11/2018,111250,111330,111250,111290
9/11/2018,111300,111300,111260,111290
9/11/2018,111280,111310,111270,111310
9/11/2018,111310,111330,111300,111310
9/11/2018,111300,111300,111270,111280
9/11/2018,111290,111320,111230,111240
9/11/2018,111240,111280,111230,111270
9/11/2018,111290,111310,111270,111300
9/11/2018,111300,111370,111290,111350
9/11/2018,111340,111360,111290,111320
9/11/2018,111330,111350,111310,111320
9/11/2018,111330,111330,111290,111300
9/11/2018,111300,111330,111270,111270
9/11/2018,111270,111340,111250,111340
9/11/2018,111340,111380,111330,111340
9/11/2018,111330,111350,111300,111320
9/11/2018,111330,111330,111290,111290
9/11/2018,111300,111340,111300,111310
9/11/2018,111320,111340,111310,111320
9/11/2018,111310,111360,111310,111360
9/11/2018,111340,111400,111320,111330
9/11/2018,111330,111350,111300,111320
9/11/2018,111330,111350,111320,111350
9/11/2018,111330,111350,111300,111340
9/11/2018,111330,111350,111330,111340
9/11/2018,111340,111400,111340,111370
9/11/2018,111370,111380,111280,111290
9/11/2018,111290,111300,111230,111300
9/11/2018,111300,111340,111290,111340
9/11/2018,111350,111390,111300,111340
9/11/2018,111350,111350,111290,111290
9/11/2018,111290,111290,111240,111260
9/11/2018,111240,111270,111210,111250
9/11/2018,111250,111310,111250,111310
9/11/2018,111310,111340,111270,111280
9/11/2018,111310,111410,111310,111390
9/11/2018,111400,111430,111350,111370
9/11/2018,111380,111420,111330,111370
9/11/2018,111380,111380,111300,111310
9/11/2018,111320,111350,111280,111320
9/11/2018,111340,111360,111300,111300
9/11/2018,111290,111340,111260,111260
9/11/2018,111260,111280,111210,111230
9/11/2018,111230,111230,111160,111210
9/11/2018,111210,111210,111140,111180
9/11/2018,111170,111200,111160,111200
9/11/2018,111190,111220,111160,111200
9/11/2018,111200,111210,111160,111180
9/11/2018,111190,111210,111140,111170
9/11/2018,111170,111200,111170,111190
9/11/2018,111190,111200,111140,111180
9/11/2018,111180,111200,111140,111160
9/11/2018,111170,111170,111110,111140
9/11/2018,111150,111190,111130,111150
9/11/2018,111150,111190,111080,111110
10/9/2018,103750,103900,103680,103900
10/9/2018,103840,104120,103840,104120
10/9/2018,104030,104030,103970,103970
10/9/2018,103980,104000,103980,104000
10/9/2018,104010,104220,104010,104220
10/9/2018,104150,104150,104050,104050
10/9/2018,104160,104200,104160,104200
10/9/2018,104200,104250,104190,104230
10/9/2018,104200,104200,104140,104140
10/9/2018,104150,104290,104150,104220
10/9/2018,104210,104210,104150,104150
10/9/2018,104190,104220,104190,104200
10/9/2018,104150,104150,104130,104130
10/9/2018,104120,104120,104060,104060
10/9/2018,104140,104150,104100,104120
10/9/2018,104150,104150,104060,104060
10/9/2018,104060,104120,104040,104120
10/9/2018,104100,104120,104090,104110
10/9/2018,104140,104140,104090,104120
10/9/2018,104070,104070,104070,104070
10/9/2018,104100,104130,104100,104100
10/9/2018,104050,104080,104040,104080
10/9/2018,104050,104100,104050,104100
10/9/2018,104120,104170,104120,104160
10/9/2018,104160,104160,104160,104160
10/9/2018,104080,104170,104040,104050
10/9/2018,104070,104100,104070,104070
10/9/2018,104140,104160,104120,104160
10/9/2018,104200,104200,104200,104200
10/9/2018,104210,104210,104180,104180
10/9/2018,104110,104140,104050,104140
10/9/2018,104170,104200,104130,104130
10/9/2018,104150,104160,104140,104150
10/9/2018,104090,104110,104040,104040
10/9/2018,104130,104150,104130,104150
10/9/2018,104130,104130,104130,104130
10/9/2018,104160,104180,104160,104180
10/9/2018,104190,104200,104060,104060
10/9/2018,104060,104130,104030,104130
10/9/2018,104130,104130,104050,104050
10/9/2018,104030,104100,104030,104100
10/9/2018,104160,104160,104110,104110
10/9/2018,104130,104130,104130,104130
10/9/2018,104080,104080,104050,104050
10/9/2018,104100,104110,104100,104110
10/9/2018,104090,104130,104080,104110
10/9/2018,104130,104130,104060,104090
10/9/2018,104060,104070,104000,104060
10/9/2018,104030,104030,103900,103900
10/9/2018,103950,103960,103900,103930
10/9/2018,103960,103960,103950,103950
10/9/2018,103980,103980,103980,103980
10/9/2018,103970,103970,103970,103970
10/9/2018,104020,104020,104000,104000
10/9/2018,103970,104000,103970,103980
10/9/2018,103970,104050,103970,104050
10/9/2018,104060,104080,104060,104080
10/9/2018,104050,104060,104050,104060
10/9/2018,104000,104020,104000,104020
10/9/2018,104000,104000,104000,104000
10/9/2018,103980,103980,103960,103960
10/9/2018,104000,104000,104000,104000
10/9/2018,104030,104060,104030,104060
10/9/2018,104070,104070,104070,104070
10/9/2018,104010,104040,103930,103940
10/9/2018,103930,103950,103930,103940
10/9/2018,103950,103950,103950,103950
10/9/2018,103910,103910,103910,103910
10/9/2018,103900,103900,103840,103840
10/9/2018,103810,103830,103750,103760
10/9/2018,103770,103780,103720,103750
10/9/2018,103780,103780,103780,103780
10/9/2018,103750,103800,103750,103800
10/9/2018,103780,103780,103750,103750
10/9/2018,103740,103750,103740,103750
10/9/2018,103740,103830,103740,103800
10/9/2018,103790,103790,103790,103790
10/9/2018,103780,103790,103780,103780
10/9/2018,103780,103780,103780,103780
10/9/2018,103790,103790,103790,103790
10/9/2018,103790,103800,103710,103710
10/9/2018,103720,103720,103690,103690
10/9/2018,103700,103700,103700,103700
10/9/2018,103780,103780,103780,103780
10/9/2018,103800,103800,103800,103800
10/9/2018,103750,103750,103750,103750
10/9/2018,103730,103730,103730,103730
10/9/2018,103750,103780,103750,103750
10/9/2018,103800,103810,103790,103810
10/9/2018,103830,103860,103830,103840
10/9/2018,103800,103830,103800,103830
10/9/2018,103800,103800,103800,103800
10/9/2018,103850,103960,103850,103960
10/9/2018,103940,103940,103900,103900
10/9/2018,103930,103940,103930,103940
10/9/2018,103920,103920,103920,103920
10/9/2018,103900,103900,103900,103900
10/9/2018,103850,103850,103830,103830
10/9/2018,103830,103830,103830,103830
10/9/2018,103880,103890,103880,103890
10/9/2018,103950,103980,103930,103970
10/9/2018,103890,103920,103890,103920
10/9/2018,103970,103970,103970,103970
10/9/2018,103930,103930,103930,103930
10/9/2018,103900,103900,103900,103900
10/9/2018,103960,103960,103960,103960
10/9/2018,103940,103950,103920,103920
10/9/2018,103900,103900,103900,103900
10/9/2018,103860,103860,103860,103860
10/9/2018,103850,103850,103820,103820
10/9/2018,103840,103840,103840,103840
10/9/2018,103870,103900,103870,103900
10/9/2018,103890,103890,103890,103890
10/9/2018,103890,103890,103890,103890
10/9/2018,103830,103830,103820,103820
10/9/2018,103800,103830,103800,103810
10/9/2018,103830,103830,103830,103830
10/9/2018,103840,103840,103840,103840
10/9/2018,103860,103860,103840,103860
10/9/2018,103850,103850,103830,103830
10/9/2018,103810,103810,103750,103750
10/9/2018,103760,103760,103740,103750
10/9/2018,103750,103750,103740,103740
10/9/2018,103770,103770,103720,103720
10/9/2018,103720,103730,103710,103730
10/9/2018,103750,103750,103750,103750
10/9/2018,103780,103780,103770,103770
10/9/2018,103760,103780,103760,103780
10/9/2018,103820,103820,103820,103820
10/9/2018,103810,103810,103810,103810
10/9/2018,103790,103790,103790,103790
10/9/2018,103800,103800,103800,103800
10/9/2018,103840,103840,103840,103840
10/9/2018,103890,103920,103860,103860
10/9/2018,103820,103820,103820,103820
10/9/2018,103800,103800,103780,103780
10/9/2018,103750,103750,103750,103750
10/9/2018,103750,103750,103750,103750
10/9/2018,103790,103790,103790,103790
10/9/2018,103730,103730,103730,103730
10/9/2018,103740,103740,103740,103740
10/9/2018,103780,103780,103780,103780
10/9/2018,103770,103780,103770,103780
10/9/2018,103710,103710,103550,103570
10/9/2018,103540,103540,103460,103510
10/9/2018,103510,103520,103450,103450
10/9/2018,103430,103520,103380,103520
10/9/2018,103470,103490,103450,103490
10/9/2018,103470,103470,103420,103440
10/9/2018,103460,103510,103440,103480
10/9/2018,103480,103520,103460,103520
10/9/2018,103530,103530,103490,103490
10/9/2018,103440,103450,103440,103450
10/9/2018,103420,103430,103400,103430
10/9/2018,103450,103500,103450,103470
10/9/2018,103470,103470,103450,103450
10/9/2018,103420,103420,103420,103420
10/9/2018,103480,103480,103470,103470
10/9/2018,103480,103480,103440,103440
10/9/2018,103450,103450,103450,103450
10/9/2018,103450,103450,103440,103440
10/9/2018,103430,103430,103340,103380
10/9/2018,103360,103360,103220,103220
10/9/2018,103220,103270,103220,103270
10/9/2018,103290,103320,103270,103270
10/9/2018,103280,103290,103280,103290
10/9/2018,103260,103300,103260,103300
10/9/2018,103250,103250,103170,103200
10/9/2018,103250,103320,103250,103320
10/9/2018,103270,103300,103270,103300
10/9/2018,103300,103300,103230,103250
10/9/2018,103270,103300,103270,103300
10/9/2018,103300,103300,103280,103280
10/9/2018,103260,103300,103260,103300
10/9/2018,103290,103300,103290,103300
10/9/2018,103300,103340,103300,103340
10/9/2018,103340,103350,103340,103350
10/9/2018,103350,103350,103340,103350
10/9/2018,103350,103350,103350,103350
10/9/2018,103310,103370,103310,103340
10/9/2018,103340,103340,103290,103290
10/9/2018,103280,103280,103210,103240
10/9/2018,103220,103220,103170,103170
10/9/2018,103170,103220,103170,103220
10/9/2018,103240,103240,103180,103180
10/9/2018,103160,103160,103100,103120
10/9/2018,103150,103160,103150,103160
10/9/2018,103180,103180,103170,103170
10/9/2018,103160,103160,103080,103100
10/9/2018,103100,103160,103100,103160
10/9/2018,103180,103200,103180,103200
10/9/2018,103190,103190,103170,103170
10/9/2018,103160,103300,103160,103300
10/9/2018,103290,103300,103290,103300
10/9/2018,103300,103320,103300,103320
10/9/2018,103320,103340,103320,103340
10/9/2018,103320,103330,103320,103330
10/9/2018,103280,103280,103200,103230
10/9/2018,103220,103220,103200,103200
10/9/2018,103160,103160,103160,103160
10/9/2018,103150,103170,103130,103170
10/9/2018,103190,103200,103180,103180
10/9/2018,103170,103170,103170,103170
10/9/2018,103210,103210,103210,103210
10/9/2018,103250,103260,103250,103260
10/9/2018,103210,103210,103210,103210
10/9/2018,103220,103240,103220,103240
10/9/2018,103250,103250,103210,103240
10/9/2018,103230,103230,103230,103230
10/9/2018,103290,103290,103280,103280
10/9/2018,103280,103280,103280,103280
10/9/2018,103240,103240,103240,103240
10/9/2018,103230,103230,103200,103200
10/9/2018,103290,103290,103290,103290
10/9/2018,103290,103290,103280,103280
10/9/2018,103280,103280,103280,103280
10/9/2018,103190,103200,103190,103200
10/9/2018,103200,103200,103200,103200
10/9/2018,103150,103150,103080,103120
10/9/2018,103100,103140,103080,103140
10/9/2018,103170,103190,103170,103190
10/9/2018,103210,103210,103210,103210
10/9/2018,103220,103220,103220,103220
10/9/2018,103180,103180,103180,103180
10/9/2018,103190,103220,103190,103220
10/9/2018,103230,103230,103230,103230
10/9/2018,103260,103390,103260,103390
10/9/2018,103380,103380,103380,103380
10/9/2018,103390,103400,103370,103370
10/9/2018,103350,103350,103350,103350
10/9/2018,103360,103360,103360,103360
10/9/2018,103370,103370,103370,103370
10/9/2018,103370,103370,103340,103340
10/9/2018,103380,103380,103380,103380
10/9/2018,103380,103380,103360,103360
10/9/2018,103330,103330,103320,103320
10/9/2018,103310,103310,103300,103300
10/9/2018,103310,103330,103310,103330
10/9/2018,103300,103310,103300,103310
10/9/2018,103330,103330,103330,103330
10/9/2018,103340,103350,103340,103350
10/9/2018,103340,103340,103340,103340
10/9/2018,103320,103320,103320,103320
10/9/2018,103320,103320,103320,103320
10/9/2018,103350,103350,103350,103350
10/9/2018,103350,103360,103350,103360
10/9/2018,103340,103340,103340,103340
10/9/2018,103320,103320,103320,103320
10/9/2018,103350,103350,103350,103350
10/9/2018,103300,103300,103300,103300
10/9/2018,103310,103310,103310,103310
10/9/2018,103300,103300,103290,103290
10/9/2018,103300,103300,103300,103300
10/9/2018,103330,103330,103330,103330
10/9/2018,103310,103310,103310,103310
10/9/2018,103280,103280,103280,103280
10/9/2018,103290,103290,103280,103280
10/9/2018,103290,103290,103280,103280
10/9/2018,103290,103300,103290,103300
10/9/2018,103310,103310,103310,103310
10/9/2018,103310,103320,103310,103320
10/9/2018,103340,103340,103310,103310
10/9/2018,103300,103300,103300,103300
10/9/2018,103300,103300,103300,103300
10/9/2018,103300,103300,103260,103290
10/9/2018,103330,103330,103330,103330
10/9/2018,103310,103310,103310,103310
10/9/2018,103310,103310,103310,103310
10/9/2018,103280,103280,103280,103280
10/9/2018,103260,103280,103260,103280
10/9/2018,103290,103290,103290,103290
10/9/2018,103280,103280,103280,103280
10/9/2018,103280,103330,103280,103330
10/9/2018,103350,103480,103350,103450
10/9/2018,103490,103490,103420,103420
10/9/2018,103460,103460,103370,103370
10/9/2018,103360,103360,103350,103360
10/9/2018,103360,103360,103330,103350
10/9/2018,103350,103350,103350,103350
10/9/2018,103320,103320,103320,103320
10/9/2018,103310,103390,103310,103390
10/9/2018,103390,103390,103320,103320
10/9/2018,103350,103350,103350,103350
10/9/2018,103310,103350,103310,103350
10/9/2018,103360,103360,103340,103350
10/9/2018,103350,103350,103350,103350
10/9/2018,103350,103370,103350,103350
10/9/2018,103350,103350,103340,103340
10/9/2018,103320,103340,103320,103320
10/9/2018,103310,103330,103310,103330
10/9/2018,103310,103310,103300,103300
10/9/2018,103300,103300,103300,103300
10/9/2018,103330,103330,103330,103330
10/9/2018,103310,103340,103310,103340
10/9/2018,103320,103320,103290,103290
10/9/2018,103280,103290,103280,103290
10/9/2018,103290,103290,103270,103270
10/9/2018,103270,103270,103270,103270
10/9/2018,103300,103300,103300,103300
10/9/2018,103350,103350,103320,103320
10/9/2018,103360,103360,103330,103330
10/9/2018,103330,103330,103320,103320
10/9/2018,103320,103320,103260,103300
10/9/2018,103310,103310,103250,103250
10/9/2018,103200,103260,103190,103260
10/9/2018,103250,103300,103250,103300
10/9/2018,103320,103320,103320,103320
10/9/2018,103310,103310,103250,103250
10/9/2018,103250,103250,103220,103220
10/9/2018,103190,103200,103190,103200
10/9/2018,103220,103220,103220,103220
10/9/2018,103290,103290,103280,103280
10/9/2018,103240,103240,103150,103150
10/9/2018,103240,103240,103220,103220
10/9/2018,103300,103340,103280,103280
10/9/2018,103300,103300,103300,103300
10/9/2018,103280,103280,103250,103250
10/9/2018,103250,103250,103130,103170
10/9/2018,103140,103150,103110,103110
10/9/2018,103130,103180,103130,103180
10/9/2018,103150,103200,103150,103200
10/9/2018,103220,103220,103220,103220
10/9/2018,103150,103150,103150,103150
10/9/2018,103200,103200,103200,103200
10/9/2018,103160,103160,103160,103160
10/9/2018,103190,103200,103190,103200
10/9/2018,103150,103150,103150,103150
10/9/2018,103090,103090,103040,103080
10/9/2018,103100,103100,103100,103100
10/9/2018,103120,103120,103110,103110
10/9/2018,103090,103090,103060,103090
10/9/2018,103140,103170,103140,103160
10/9/2018,103160,103210,103160,103210
10/9/2018,103190,103190,103190,103190
10/9/2018,103190,103230,103190,103230
10/9/2018,103250,103360,103250,103360
10/9/2018,103370,103400,103350,103350
10/9/2018,103300,103300,103300,103300
10/9/2018,103300,103300,103270,103270
10/9/2018,103260,103260,103240,103260
10/9/2018,103300,103310,103290,103310
10/9/2018,103360,103410,103360,103400
10/9/2018,103260,103260,103260,103260
10/9/2018,103270,103270,103270,103270
10/9/2018,103210,103220,103210,103220
10/9/2018,103220,103220,103220,103220
10/9/2018,103200,103220,103200,103220
10/9/2018,103260,103260,103260,103260
10/9/2018,103330,103330,103330,103330
10/9/2018,103320,103320,103320,103320
10/9/2018,103310,103330,103310,103330
10/9/2018,103340,103340,103340,103340
10/9/2018,103330,103330,103330,103330
10/9/2018,103280,103280,103220,103220
10/9/2018,103190,103190,103170,103190
10/9/2018,103190,103210,103190,103210
10/9/2018,103270,103280,103220,103220
10/9/2018,103190,103190,103150,103150
10/9/2018,103130,103140,103130,103130
10/9/2018,103130,103160,103120,103160
10/9/2018,103080,103080,103080,103080
10/9/2018,103060,103070,103050,103060
10/9/2018,103100,103110,103060,103060
10/9/2018,103030,103060,102910,103060
10/9/2018,103110,103180,103110,103180
10/9/2018,103110,103130,103090,103130
10/9/2018,103150,103160,103150,103160
10/9/2018,103180,103190,103180,103190
10/9/2018,103190,103210,103170,103170
10/9/2018,103190,103200,103190,103200
10/9/2018,103210,103210,103170,103170
10/9/2018,103200,103250,103200,103250
10/9/2018,103220,103230,103210,103230
10/9/2018,103300,103320,103300,103320
10/9/2018,103310,103310,103300,103300
10/9/2018,103260,103270,103240,103270
10/9/2018,103270,103280,103240,103240
10/9/2018,103220,103220,103220,103220
10/9/2018,103190,103190,103190,103190
10/9/2018,103200,103210,103200,103210
10/9/2018,103220,103220,103220,103220
10/9/2018,103150,103150,103150,103150
10/9/2018,103140,103140,103140,103140
10/9/2018,103160,103170,103160,103170
10/9/2018,103180,103180,103180,103180
10/9/2018,103210,103210,103210,103210
10/9/2018,103220,103220,103220,103220
10/9/2018,103200,103200,103200,103200
10/9/2018,103200,103260,103200,103260
10/9/2018,103300,103320,103300,103320
10/9/2018,103340,103370,103340,103350
10/9/2018,103360,103430,103360,103420
10/9/2018,103430,103450,103420,103420
10/9/2018,103420,103430,103390,103390
10/9/2018,103390,103390,103370,103370
10/9/2018,103350,103360,103300,103300
10/9/2018,103300,103310,103300,103300
10/9/2018,103310,103320,103310,103320
10/9/2018,103320,103320,103270,103270
10/9/2018,103300,103300,103200,103200
10/9/2018,103240,103340,103240,103240
10/9/2018,103320,103320,103290,103290
10/9/2018,103200,103200,103200,103200
10/9/2018,103150,103150,103150,103150
10/9/2018,103180,103180,103180,103180
10/9/2018,103200,103200,103200,103200
10/9/2018,103160,103160,103160,103160
10/9/2018,103110,103110,103110,103110
10/9/2018,103120,103130,103120,103130
10/9/2018,103100,103100,103100,103100
10/9/2018,103100,103100,103100,103100
10/9/2018,103100,103100,103100,103100
10/9/2018,103100,103100,103100,103100
10/9/2018,103140,103140,103140,103140
10/9/2018,103190,103190,103190,103190
10/9/2018,103190,103190,103190,103190
10/9/2018,103170,103180,103170,103180
10/9/2018,103180,103180,103180,103180
10/9/2018,103160,103160,103160,103160
10/9/2018,103080,103090,103080,103090
10/9/2018,103100,103100,103100,103100
10/9/2018,103080,103080,103080,103080
10/9/2018,103060,103060,103050,103050
10/9/2018,103060,103060,103050,103050
10/9/2018,103120,103120,103120,103120
10/9/2018,103090,103090,103090,103090
10/9/2018,103110,103110,103110,103110
10/9/2018,103060,103060,103030,103030
10/9/2018,103010,103030,102970,102990
10/9/2018,102990,102990,102990,102990
10/9/2018,102980,102980,102980,102980
10/9/2018,102980,102980,102980,102980
10/9/2018,103020,103020,103020,103020
10/9/2018,103020,103120,103020,103120
10/9/2018,103100,103100,103100,103100
10/9/2018,103030,103030,103030,103030
10/9/2018,103060,103060,103060,103060
10/9/2018,103020,103020,103000,103000
10/9/2018,103000,103000,103000,103000
10/9/2018,103040,103040,103040,103040
10/9/2018,103040,103090,103040,103090
10/9/2018,103050,103050,103050,103050
10/9/2018,103100,103150,103100,103100
10/9/2018,103100,103100,103100,103100
10/9/2018,103120,103150,103120,103150
10/9/2018,103100,103120,103100,103100
10/9/2018,103130,103130,103130,103130
10/9/2018,103150,103150,103140,103140
10/9/2018,103150,103150,103150,103150
10/9/2018,103140,103140,103140,103140
10/9/2018,103100,103100,103100,103100
10/9/2018,103100,103100,103100,103100
10/9/2018,103060,103060,103060,103060
10/9/2018,103010,103010,103000,103000
10/9/2018,102970,102970,102960,102960
10/9/2018,102970,103030,102950,103030
10/9/2018,103020,103020,103020,103020
10/9/2018,103000,103000,103000,103000
10/9/2018,103030,103030,103030,103030
10/9/2018,103100,103100,103040,103040
10/9/2018,103100,103100,103090,103090
10/9/2018,103080,103080,103080,103080
10/9/2018,103080,103080,103080,103080
10/9/2018,103070,103070,103070,103070
10/9/2018,103040,103040,103030,103030
10/9/2018,103000,103020,103000,103020
10/9/2018,103000,103000,102980,102980
10/9/2018,103030,103030,103030,103030
10/9/2018,103020,103020,103020,103020
10/9/2018,103040,103040,103040,103040
10/9/2018,103050,103220,103050,103170
10/9/2018,103220,103220,103220,103220
10/9/2018,103220,103300,103150,103180
10/9/2018,103190,103190,103190,103190
10/9/2018,103150,103210,103150,103210
10/9/2018,103170,103170,103170,103170
10/9/2018,103170,103170,103170,103170
10/9/2018,103170,103170,103160,103170
10/9/2018,103170,103170,103170,103170
10/9/2018,103170,103170,103170,103170
10/9/2018,103290,103290,103230,103230
10/9/2018,103220,103220,103220,103220
10/9/2018,103190,103200,103190,103200
10/9/2018,103230,103230,103220,103220
10/9/2018,103180,103180,103180,103180
10/9/2018,103150,103150,103150,103150
10/9/2018,103150,103150,103150,103150
10/9/2018,103170,103170,103170,103170
10/9/2018,103160,103160,103160,103160
10/9/2018,103100,103100,103100,103100
10/9/2018,103100,103100,103100,103100
10/9/2018,103070,103070,103070,103070
10/9/2018,103100,103100,103100,103100
10/9/2018,103100,103100,103100,103100
10/9/2018,103100,103100,103100,103100
10/9/2018,103100,103100,103100,103100
10/9/2018,103080,103080,103080,103080
10/9/2018,103050,103050,103050,103050
10/9/2018,103040,103040,103040,103040
10/9/2018,103010,103010,103010,103010
10/9/2018,103060,103090,103060,103090
10/9/2018,103010,103010,103010,103010
10/9/2018,103050,103050,103050,103050
10/9/2018,103030,103030,103030,103030
10/9/2018,103050,103050,103050,103050
10/9/2018,103040,103040,103040,103040
10/9/2018,103110,103110,103090,103090
10/9/2018,103130,103140,103130,103140
10/9/2018,103100,103100,103100,103100
10/9/2018,103080,103080,103080,103080
10/9/2018,103000,103020,103000,103020
10/9/2018,103000,103000,103000,103000
10/9/2018,102960,103230,102680,102680
11/9/2018,103300,104000,103300,103730
11/9/2018,103740,103900,103740,103820
11/9/2018,103850,103960,103850,103960
11/9/2018,103920,103920,103780,103800
11/9/2018,103790,103860,103790,103860
11/9/2018,103880,103960,103780,103820
11/9/2018,103850,103880,103810,103880
11/9/2018,103890,103970,103890,103910
11/9/2018,103980,104000,103970,103990
11/9/2018,103980,104000,103980,103980
11/9/2018,104010,104040,104000,104010
11/9/2018,104010,104060,104010,104060
11/9/2018,104090,104100,104080,104100
11/9/2018,104100,104150,104080,104080
11/9/2018,104110,104430,104110,104310
11/9/2018,104310,104320,104250,104320
11/9/2018,104320,104340,104300,104310
11/9/2018,104270,104270,104200,104250
11/9/2018,104240,104240,104180,104180
11/9/2018,104160,104160,104030,104030
11/9/2018,104030,104110,104030,104090
11/9/2018,104100,104100,104100,104100
11/9/2018,104100,104100,104100,104100
11/9/2018,104120,104120,104090,104100
11/9/2018,104050,104050,104010,104010
11/9/2018,104000,104000,103810,103890
11/9/2018,103950,103970,103950,103960
11/9/2018,103970,104010,103970,104010
11/9/2018,104030,104060,104030,104060
11/9/2018,104050,104090,104050,104070
11/9/2018,104120,104200,104100,104180
11/9/2018,104130,104130,104120,104130
11/9/2018,104110,104110,104090,104090
11/9/2018,104090,104090,104090,104090
11/9/2018,104050,104050,104040,104040
11/9/2018,104010,104060,104010,104060
11/9/2018,104020,104020,103980,103980
11/9/2018,103980,103980,103960,103980
11/9/2018,104100,104100,104100,104100
11/9/2018,104080,104080,104080,104080
11/9/2018,104080,104080,104080,104080
11/9/2018,104080,104080,104070,104070
11/9/2018,104040,104100,104040,104100
11/9/2018,104110,104110,104050,104050
11/9/2018,104050,104110,104050,104110
11/9/2018,104160,104220,104160,104200
11/9/2018,104200,104200,104200,104200
11/9/2018,104210,104210,104200,104200
11/9/2018,104210,104300,104210,104300
11/9/2018,104270,104300,104270,104300
11/9/2018,104250,104310,104250,104310
11/9/2018,104290,104290,104290,104290
11/9/2018,104290,104300,104290,104300
11/9/2018,104270,104270,104270,104270
11/9/2018,104220,104230,104200,104200
11/9/2018,104190,104190,104140,104140
11/9/2018,104150,104170,104150,104170
11/9/2018,104250,104250,104210,104220
11/9/2018,104320,104320,104310,104310
11/9/2018,104350,104350,104350,104350
11/9/2018,104310,104310,104260,104260
11/9/2018,104260,104300,104260,104300
11/9/2018,104290,104290,104240,104240
11/9/2018,104250,104280,104250,104280
11/9/2018,104280,104280,104280,104280
11/9/2018,104310,104320,104300,104300
11/9/2018,104270,104270,104250,104250
11/9/2018,104250,104250,104230,104230
11/9/2018,104220,104220,104210,104210
11/9/2018,104250,104250,104250,104250
11/9/2018,104260,104310,104260,104310
11/9/2018,104310,104590,104310,104540
11/9/2018,104560,104700,104560,104590
11/9/2018,104590,104600,104520,104520
11/9/2018,104570,104580,104570,104580
11/9/2018,104550,104550,104550,104550
11/9/2018,104510,104510,104490,104490
11/9/2018,104530,104560,104530,104560
11/9/2018,104590,104640,104590,104590
11/9/2018,104600,104630,104600,104630
11/9/2018,104610,104640,104540,104540
11/9/2018,104570,104570,104550,104550
11/9/2018,104570,104570,104570,104570
11/9/2018,104540,104550,104540,104550
11/9/2018,104560,104570,104540,104570
11/9/2018,104570,104570,104540,104550
11/9/2018,104520,104520,104520,104520
11/9/2018,104550,104580,104540,104580
11/9/2018,104570,104570,104570,104570
11/9/2018,104580,104580,104550,104550
11/9/2018,104560,104560,104490,104550
11/9/2018,104550,104550,104550,104550
11/9/2018,104520,104520,104520,104520
11/9/2018,104510,104510,104500,104500
11/9/2018,104530,104530,104490,104490
11/9/2018,104480,104490,104430,104440
11/9/2018,104450,104450,104420,104450
11/9/2018,104450,104450,104450,104450
11/9/2018,104470,104470,104470,104470
11/9/2018,104420,104450,104420,104450
11/9/2018,104400,104440,104400,104440
11/9/2018,104450,104450,104410,104410
11/9/2018,104390,104410,104390,104410
11/9/2018,104350,104350,104340,104340
11/9/2018,104340,104340,104300,104300
11/9/2018,104310,104310,104230,104230
11/9/2018,104230,104270,104230,104270
11/9/2018,104270,104290,104270,104290
11/9/2018,104280,104330,104270,104330
11/9/2018,104340,104340,104340,104340
11/9/2018,104330,104350,104320,104320
11/9/2018,104340,104340,104340,104340
11/9/2018,104330,104330,104330,104330
11/9/2018,104340,104340,104340,104340
11/9/2018,104340,104360,104340,104360
11/9/2018,104300,104300,104300,104300
11/9/2018,104280,104280,104280,104280
11/9/2018,104260,104260,104250,104250
11/9/2018,104250,104260,104230,104240
11/9/2018,104240,104240,104210,104210
11/9/2018,104210,104240,103970,104000
11/9/2018,104000,104000,103900,103990
11/9/2018,103970,104000,103970,104000
11/9/2018,103940,103940,103930,103930
11/9/2018,103900,103900,103790,103790
11/9/2018,103770,103820,103760,103810
11/9/2018,103820,103850,103820,103820
11/9/2018,103850,103870,103850,103870
11/9/2018,103860,103910,103850,103910
11/9/2018,103910,103950,103910,103950
11/9/2018,103900,103900,103900,103900
11/9/2018,103930,103930,103930,103930
11/9/2018,103960,103960,103930,103930
11/9/2018,103960,103960,103960,103960
11/9/2018,103990,104000,103990,104000
11/9/2018,103940,103940,103900,103900
11/9/2018,103880,103880,103880,103880
11/9/2018,103870,103880,103870,103870
11/9/2018,103830,103830,103830,103830
11/9/2018,103910,103920,103860,103860
11/9/2018,103820,103860,103820,103860
11/9/2018,103870,103870,103870,103870
11/9/2018,103840,103840,103790,103790
11/9/2018,103760,103770,103760,103770
11/9/2018,103750,103750,103700,103720
11/9/2018,103710,103710,103690,103700
11/9/2018,103660,103660,103510,103510
11/9/2018,103560,103620,103540,103620
11/9/2018,103560,103600,103550,103600
11/9/2018,103630,103630,103630,103630
11/9/2018,103600,103600,103600,103600
11/9/2018,103590,103590,103580,103580
11/9/2018,103550,103570,103550,103570
11/9/2018,103600,103620,103600,103620
11/9/2018,103610,103620,103610,103610
11/9/2018,103610,103610,103610,103610
11/9/2018,103600,103600,103600,103600
11/9/2018,103620,103640,103620,103640
11/9/2018,103630,103630,103630,103630
11/9/2018,103630,103630,103630,103630
11/9/2018,103660,103660,103660,103660
11/9/2018,103700,103700,103700,103700
11/9/2018,103690,103690,103690,103690
11/9/2018,103640,103640,103640,103640
11/9/2018,103700,103860,103700,103860
11/9/2018,103870,103900,103870,103900
11/9/2018,103950,103950,103900,103900
11/9/2018,103920,103920,103920,103920
11/9/2018,103930,103930,103930,103930
11/9/2018,103880,103880,103880,103880
11/9/2018,103880,103900,103880,103900
11/9/2018,103860,103860,103860,103860
11/9/2018,103860,103860,103860,103860
11/9/2018,103910,103930,103910,103930
11/9/2018,103920,103930,103920,103930
11/9/2018,103900,103900,103900,103900
11/9/2018,103960,103970,103880,103880
11/9/2018,103900,103900,103900,103900
11/9/2018,103900,103900,103900,103900
11/9/2018,103870,103870,103860,103860
11/9/2018,103860,103860,103830,103830
11/9/2018,103820,103850,103820,103850
11/9/2018,103860,103860,103860,103860
11/9/2018,103840,103840,103840,103840
11/9/2018,103830,103830,103830,103830
11/9/2018,103860,103860,103860,103860
11/9/2018,103830,103830,103820,103820
11/9/2018,103750,103750,103750,103750
11/9/2018,103730,103730,103730,103730
11/9/2018,103770,103790,103770,103790
11/9/2018,103780,103800,103780,103800
11/9/2018,103840,103840,103840,103840
11/9/2018,103780,103780,103780,103780
11/9/2018,103810,103810,103810,103810
11/9/2018,103800,103800,103800,103800
11/9/2018,103780,103780,103780,103780
11/9/2018,103750,103750,103750,103750
11/9/2018,103730,103730,103730,103730
11/9/2018,103740,103810,103740,103800
11/9/2018,103830,103830,103830,103830
11/9/2018,103790,103790,103790,103790
11/9/2018,103700,103700,103690,103690
11/9/2018,103650,103740,103650,103740
11/9/2018,103690,103700,103690,103690
11/9/2018,103620,103650,103590,103650
11/9/2018,103700,103700,103700,103700
11/9/2018,103690,103690,103650,103650
11/9/2018,103680,103680,103660,103660
11/9/2018,103660,103660,103660,103660
11/9/2018,103630,103630,103630,103630
11/9/2018,103580,103580,103390,103410
11/9/2018,103430,103440,103410,103430
11/9/2018,103420,103420,103420,103420
11/9/2018,103430,103440,103400,103440
11/9/2018,103440,103440,103440,103440
11/9/2018,103400,103400,103400,103400
11/9/2018,103390,103430,103390,103390
11/9/2018,103400,103420,103390,103420
11/9/2018,103370,103380,103370,103380
11/9/2018,103420,103420,103380,103380
11/9/2018,103330,103350,103310,103350
11/9/2018,103370,103370,103290,103300
11/9/2018,103280,103280,103280,103280
11/9/2018,103250,103260,103240,103260
11/9/2018,103280,103300,103280,103300
11/9/2018,103300,103300,103300,103300
11/9/2018,103340,103340,103340,103340
11/9/2018,103320,103330,103320,103330
11/9/2018,103380,103380,103380,103380
11/9/2018,103370,103370,103370,103370
11/9/2018,103350,103350,103330,103330
11/9/2018,103390,103390,103390,103390
11/9/2018,103400,103400,103350,103350
11/9/2018,103350,103350,103350,103350
11/9/2018,103370,103380,103370,103380
11/9/2018,103360,103360,103360,103360
11/9/2018,103320,103350,103310,103350
11/9/2018,103350,103350,103350,103350
11/9/2018,103310,103310,103270,103270
11/9/2018,103250,103270,103240,103270
11/9/2018,103220,103230,103160,103190
11/9/2018,103150,103160,103040,103060
11/9/2018,103070,103160,103070,103120
11/9/2018,103140,103170,103140,103140
11/9/2018,103140,103180,103130,103170
11/9/2018,103160,103160,103080,103130
11/9/2018,103130,103150,103130,103140
11/9/2018,103180,103190,103140,103140
11/9/2018,103190,103220,103190,103220
11/9/2018,103270,103270,103260,103260
11/9/2018,103300,103300,103300,103300
11/9/2018,103290,103290,103250,103250
11/9/2018,103260,103260,103190,103190
11/9/2018,103150,103200,103100,103200
11/9/2018,103210,103210,103130,103130
11/9/2018,103140,103140,103070,103070
11/9/2018,103080,103110,103060,103110
11/9/2018,103120,103210,103120,103210
11/9/2018,103230,103230,103230,103230
11/9/2018,103250,103250,103250,103250
11/9/2018,103220,103220,103200,103200
11/9/2018,103210,103250,103210,103250
11/9/2018,103250,103250,103230,103240
11/9/2018,103240,103240,103170,103220
11/9/2018,103210,103220,103200,103220
11/9/2018,103240,103240,103240,103240
11/9/2018,103250,103250,103250,103250
11/9/2018,103250,103250,103250,103250
11/9/2018,103240,103250,103240,103250
11/9/2018,103300,103320,103300,103300
11/9/2018,103230,103230,103220,103220
11/9/2018,103270,103410,103260,103390
11/9/2018,103390,103450,103370,103440
11/9/2018,103440,103440,103420,103420
11/9/2018,103380,103400,103370,103400
11/9/2018,103390,103390,103310,103310
11/9/2018,103340,103360,103340,103360
11/9/2018,103370,103450,103370,103450
11/9/2018,103410,103420,103410,103420
11/9/2018,103490,103500,103490,103500
11/9/2018,103430,103430,103430,103430
11/9/2018,103380,103380,103370,103370
11/9/2018,103360,103360,103360,103360
11/9/2018,103340,103340,103300,103300
11/9/2018,103270,103290,103260,103260
11/9/2018,103280,103340,103280,103330
11/9/2018,103290,103290,103230,103290
11/9/2018,103310,103350,103310,103310
11/9/2018,103300,103300,103300,103300
11/9/2018,103330,103330,103330,103330
11/9/2018,103400,103450,103400,103450
11/9/2018,103410,103410,103410,103410
11/9/2018,103440,103450,103440,103440
11/9/2018,103450,103460,103450,103460
11/9/2018,103450,103460,103400,103400
11/9/2018,103420,103420,103380,103380
11/9/2018,103380,103380,103350,103350
11/9/2018,103350,103350,103340,103340
11/9/2018,103340,103350,103310,103350
11/9/2018,103330,103330,103320,103330
11/9/2018,103320,103320,103290,103290
11/9/2018,103270,103270,103270,103270
11/9/2018,103280,103330,103280,103330
11/9/2018,103360,103360,103350,103350
11/9/2018,103300,103320,103300,103320
11/9/2018,103300,103300,103290,103290
11/9/2018,103300,103320,103290,103320
11/9/2018,103310,103310,103310,103310
11/9/2018,103340,103350,103340,103350
11/9/2018,103330,103330,103330,103330
11/9/2018,103300,103300,103160,103160
11/9/2018,103170,103220,103120,103220
11/9/2018,103210,103300,103210,103300
11/9/2018,103290,103290,103290,103290
11/9/2018,103320,103320,103320,103320
11/9/2018,103320,103330,103300,103330
11/9/2018,103380,103380,103350,103350
11/9/2018,103400,103450,103400,103410
11/9/2018,103390,103390,103370,103380
11/9/2018,103410,103410,103410,103410
11/9/2018,103400,103520,103380,103440
11/9/2018,103400,103480,103400,103470
11/9/2018,103480,103480,103460,103460
11/9/2018,103450,103460,103450,103450
11/9/2018,103440,103440,103440,103440
11/9/2018,103480,103480,103470,103470
11/9/2018,103500,103650,103500,103650
11/9/2018,103650,103720,103650,103660
11/9/2018,103650,103650,103590,103590
11/9/2018,103620,103620,103570,103580
11/9/2018,103580,103580,103570,103570
11/9/2018,103560,103560,103530,103530
11/9/2018,103510,103510,103440,103500
11/9/2018,103500,103590,103500,103590
11/9/2018,103570,103570,103570,103570
11/9/2018,103600,103840,103600,103840
11/9/2018,103870,103920,103770,103780
11/9/2018,103780,103780,103760,103760
11/9/2018,103750,103750,103750,103750
11/9/2018,103760,103760,103750,103750
11/9/2018,103760,103800,103720,103790
11/9/2018,103800,103820,103780,103820
11/9/2018,103830,103830,103830,103830
11/9/2018,103800,103800,103790,103790
11/9/2018,103770,103770,103730,103730
11/9/2018,103690,103690,103690,103690
11/9/2018,103690,103760,103690,103760
11/9/2018,103800,103800,103770,103780
11/9/2018,103780,103810,103780,103810
11/9/2018,103840,103850,103800,103800
11/9/2018,103800,103800,103780,103780
11/9/2018,103800,103830,103800,103800
11/9/2018,103850,103850,103840,103840
11/9/2018,103880,103880,103860,103860
11/9/2018,103870,103870,103850,103850
11/9/2018,103890,103940,103890,103900
11/9/2018,103930,104060,103930,104030
11/9/2018,104000,104020,103980,103980
11/9/2018,104020,104020,104000,104000
11/9/2018,104050,104120,104050,104110
11/9/2018,104130,104140,104100,104100
11/9/2018,104090,104090,104060,104080
11/9/2018,104060,104060,104050,104050
11/9/2018,104040,104080,104040,104080
11/9/2018,104000,104000,104000,104000
11/9/2018,103990,104020,103990,103990
11/9/2018,103950,103950,103950,103950
11/9/2018,103950,103950,103950,103950
11/9/2018,103960,103980,103960,103980
11/9/2018,103970,103970,103900,103900
11/9/2018,103870,103990,103870,103960
11/9/2018,103920,103920,103920,103920
11/9/2018,103870,103880,103780,103800
11/9/2018,103790,103840,103790,103790
11/9/2018,103820,103820,103820,103820
11/9/2018,103810,103810,103810,103810
11/9/2018,103750,103760,103720,103760
11/9/2018,103750,103750,103750,103750
11/9/2018,103800,103830,103800,103830
11/9/2018,103900,103910,103900,103910
11/9/2018,103970,103970,103930,103930
11/9/2018,103990,104000,103990,103990
11/9/2018,104040,104050,104040,104050
11/9/2018,104090,104230,104090,104180
11/9/2018,104180,104180,104130,104130
11/9/2018,104110,104110,104100,104100
11/9/2018,104050,104050,104050,104050
11/9/2018,104150,104150,104130,104130
11/9/2018,104130,104200,104130,104170
11/9/2018,104160,104160,104160,104160
11/9/2018,104180,104180,104180,104180
11/9/2018,104180,104180,104180,104180
11/9/2018,104160,104190,104140,104140
11/9/2018,104200,104200,104190,104190
11/9/2018,104250,104270,104230,104250
11/9/2018,104270,104270,104230,104250
11/9/2018,104300,104340,104290,104330
11/9/2018,104330,104330,104260,104260
11/9/2018,104260,104270,104250,104270
11/9/2018,104200,104200,104200,104200
11/9/2018,104260,104260,104240,104240
11/9/2018,104290,104290,104290,104290
11/9/2018,104300,104300,104300,104300
11/9/2018,104300,104300,104300,104300
11/9/2018,104300,104300,104300,104300
11/9/2018,104310,104310,104290,104290
11/9/2018,104320,104320,104310,104310
11/9/2018,104340,104340,104310,104310
11/9/2018,104350,104350,104350,104350
11/9/2018,104350,104400,104350,104380
11/9/2018,104370,104370,104370,104370
11/9/2018,104330,104400,104330,104400
11/9/2018,104390,104430,104390,104410
11/9/2018,104390,104440,104390,104390
11/9/2018,104370,104370,104350,104350
11/9/2018,104360,104360,104350,104360
11/9/2018,104340,104360,104340,104360
11/9/2018,104420,104420,104420,104420
11/9/2018,104400,104400,104370,104370
11/9/2018,104370,104370,104370,104370
11/9/2018,104400,104400,104360,104360
11/9/2018,104430,104430,104400,104420
11/9/2018,104450,104450,104440,104440
11/9/2018,104380,104440,104370,104440
11/9/2018,104480,104810,104480,104660
11/9/2018,104690,104740,104670,104690
11/9/2018,104670,104670,104620,104620
11/9/2018,104620,104620,104620,104620
11/9/2018,104610,104610,104610,104610
11/9/2018,104610,104670,104600,104600
11/9/2018,104640,104640,104550,104600
11/9/2018,104600,104600,104600,104600
11/9/2018,104580,104600,104580,104600
11/9/2018,104600,104620,104600,104620
11/9/2018,104580,104580,104550,104560
11/9/2018,104590,104670,104580,104600
11/9/2018,104570,104600,104570,104600
11/9/2018,104610,104670,104610,104670
11/9/2018,104600,104600,104600,104600
11/9/2018,104570,104570,104570,104570
11/9/2018,104600,104600,104560,104560
11/9/2018,104560,104560,104560,104560
11/9/2018,104510,104550,104500,104500
11/9/2018,104500,104510,104500,104510
11/9/2018,104510,104510,104510,104510
11/9/2018,104510,104510,104510,104510
11/9/2018,104500,104500,104500,104500
11/9/2018,104520,104520,104520,104520
11/9/2018,104490,104550,104470,104550
11/9/2018,104550,104560,104550,104560
11/9/2018,104640,104700,104640,104700
11/9/2018,104700,104700,104640,104640
11/9/2018,104660,104660,104660,104660
11/9/2018,104680,104680,104680,104680
11/9/2018,104620,104620,104620,104620
11/9/2018,104610,104610,104610,104610
11/9/2018,104650,104650,104650,104650
11/9/2018,104680,104720,104680,104720
11/9/2018,104670,104670,104670,104670
11/9/2018,104650,104650,104630,104630
11/9/2018,104620,104620,104620,104620
11/9/2018,104640,104640,104640,104640
11/9/2018,104670,104670,104670,104670
11/9/2018,104640,104670,104630,104640
11/9/2018,104630,104650,104630,104650
11/9/2018,104650,104700,104650,104700
11/9/2018,104650,104650,104650,104650
11/9/2018,104640,104640,104640,104640
11/9/2018,104620,104620,104620,104620
11/9/2018,104630,104700,104630,104700
11/9/2018,104670,104670,104670,104670
11/9/2018,104640,104640,104450,104530
11/9/2018,104580,104580,104540,104540
11/9/2018,104500,104500,104370,104370
11/9/2018,104430,104500,104430,104500
11/9/2018,104490,104490,104490,104490
11/9/2018,104430,104490,104430,104460
11/9/2018,104470,104470,104470,104470
11/9/2018,104480,104480,104470,104470
11/9/2018,104480,104480,104470,104470
11/9/2018,104450,104450,104450,104450
11/9/2018,104460,104460,104460,104460
11/9/2018,104460,104460,104460,104460
11/9/2018,104470,104470,104460,104460
11/9/2018,104540,104540,104540,104540
11/9/2018,104550,104550,104550,104550
11/9/2018,104520,104520,104520,104520
11/9/2018,104480,104480,104480,104480
11/9/2018,104440,104440,104440,104440
11/9/2018,104380,104420,104370,104380
11/9/2018,104360,104360,104340,104350
11/9/2018,104360,104360,104350,104350
11/9/2018,104370,104370,104370,104370
11/9/2018,104370,104370,104370,104370
11/9/2018,104390,104420,104390,104420
11/9/2018,104450,104450,104400,104400
11/9/2018,104400,104400,104400,104400
11/9/2018,104430,104430,104430,104430
11/9/2018,104400,104400,104400,104400
11/9/2018,104420,104420,104420,104420
11/9/2018,104470,104470,104470,104470
11/9/2018,104500,104500,104500,104500
11/9/2018,104490,104490,104490,104490
11/9/2018,104530,104540,104500,104500
11/9/2018,104540,104540,104540,104540
11/9/2018,104540,104540,104540,104540
11/9/2018,104530,104570,104530,104570
11/9/2018,104580,104590,104570,104570
11/9/2018,104570,104600,104570,104600
11/9/2018,104640,104640,104590,104590
11/9/2018,104630,104630,104630,104630
11/9/2018,104630,104650,104630,104650
11/9/2018,104630,104630,104630,104630
11/9/2018,104650,104650,104650,104650
11/9/2018,104630,104630,104630,104630
11/9/2018,104610,104610,104600,104600
11/9/2018,104600,104600,104590,104590
11/9/2018,104580,104580,104580,104580
11/9/2018,104580,104580,104580,104580
11/9/2018,104590,104590,104590,104590
11/9/2018,104680,104720,104680,104720
11/9/2018,104750,104750,104740,104740
11/9/2018,104760,104760,104760,104760
11/9/2018,104750,104800,104750,104800
11/9/2018,104780,104780,104780,104780
11/9/2018,104810,104930,104810,104830
11/9/2018,104850,104850,104850,104850
11/9/2018,104850,104860,104850,104860
11/9/2018,104870,104930,104870,104900
11/9/2018,104850,104850,104850,104850
11/9/2018,104880,104880,104880,104880
11/9/2018,104880,104890,104880,104890
11/9/2018,104880,104880,104880,104880
11/9/2018,104920,104940,104920,104920
11/9/2018,104880,104880,104880,104880
11/9/2018,104930,104930,104930,104930
11/9/2018,104930,104930,104930,104930
11/9/2018,104920,104920,104920,104920
11/9/2018,104920,104920,104920,104920
11/9/2018,104920,104920,104920,104920
11/9/2018,104900,104900,104900,104900
11/9/2018,104910,104910,104900,104900
11/9/2018,104890,105090,104890,105090
11/9/2018,105080,105080,105080,105080
11/9/2018,105070,105130,105070,105130
11/9/2018,105110,105150,105110,105150
11/9/2018,105100,105100,105100,105100
11/9/2018,105100,105110,105100,105100
11/9/2018,105150,105190,105150,105190
11/9/2018,105200,105200,105180,105180
11/9/2018,105180,105180,105180,105180
11/9/2018,105180,105200,105180,105200
12/9/2018,104910,105080,104750,104840
12/9/2018,104750,104800,104750,104760
12/9/2018,104840,104930,104840,104890
12/9/2018,104860,104870,104800,104800
12/9/2018,104830,104860,104820,104860
12/9/2018,104880,104880,104760,104760
12/9/2018,104760,104800,104760,104790
12/9/2018,104830,104890,104830,104890
12/9/2018,104850,104850,104850,104850
12/9/2018,104880,104890,104800,104820
12/9/2018,104870,104880,104870,104880
12/9/2018,104890,104890,104890,104890
12/9/2018,104880,104900,104880,104900
12/9/2018,104950,105050,104950,105030
12/9/2018,105030,105030,105030,105030
12/9/2018,105050,105140,105050,105120
12/9/2018,105100,105260,105100,105260
12/9/2018,105280,105290,105230,105290
12/9/2018,105300,105350,105300,105310
12/9/2018,105280,105340,105280,105340
12/9/2018,105330,105340,105290,105320
12/9/2018,105260,105270,105240,105240
12/9/2018,105250,105270,105230,105230
12/9/2018,105220,105240,105220,105220
12/9/2018,105200,105200,105180,105180
12/9/2018,105250,105270,105240,105270
12/9/2018,105270,105270,105200,105210
12/9/2018,105220,105220,105170,105170
12/9/2018,105190,105210,105180,105210
12/9/2018,105220,105240,105220,105240
12/9/2018,105280,105300,105270,105270
12/9/2018,105270,105270,105170,105220
12/9/2018,105240,105240,105150,105150
12/9/2018,105150,105180,105150,105160
12/9/2018,105160,105160,105160,105160
12/9/2018,105200,105200,105200,105200
12/9/2018,105190,105190,105120,105120
12/9/2018,105140,105150,105130,105140
12/9/2018,105180,105190,105170,105190
12/9/2018,105180,105180,105160,105160
12/9/2018,105190,105290,105190,105290
12/9/2018,105300,105300,105230,105230
12/9/2018,105230,105230,105230,105230
12/9/2018,105230,105230,105190,105190
12/9/2018,105190,105190,105190,105190
12/9/2018,105210,105240,105210,105240
12/9/2018,105260,105260,105240,105240
12/9/2018,105270,105340,105270,105340
12/9/2018,105350,105390,105330,105330
12/9/2018,105290,105290,105270,105270
12/9/2018,105270,105280,105260,105260
12/9/2018,105300,105300,105280,105280
12/9/2018,105300,105300,105300,105300
12/9/2018,105290,105290,105290,105290
12/9/2018,105320,105340,105260,105260
12/9/2018,105240,105240,105240,105240
12/9/2018,105240,105280,105240,105280
12/9/2018,105240,105240,105220,105220
12/9/2018,105280,105290,105280,105290
12/9/2018,105260,105330,105260,105280
12/9/2018,105270,105300,105270,105300
12/9/2018,105300,105300,105240,105240
12/9/2018,105240,105270,105240,105240
12/9/2018,105280,105280,105270,105270
12/9/2018,105300,105300,105280,105280
12/9/2018,105290,105340,105280,105340
12/9/2018,105300,105370,105300,105370
12/9/2018,105350,105380,105340,105350
12/9/2018,105390,105400,105370,105370
12/9/2018,105410,105410,105390,105390
12/9/2018,105380,105380,105370,105370
12/9/2018,105340,105340,105340,105340
12/9/2018,105300,105310,105300,105310
12/9/2018,105320,105320,105320,105320
12/9/2018,105330,105330,105330,105330
12/9/2018,105320,105320,105310,105320
12/9/2018,105360,105400,105360,105400
12/9/2018,105430,105480,105430,105450
12/9/2018,105410,105420,105380,105380
12/9/2018,105400,105400,105390,105390
12/9/2018,105390,105390,105390,105390
12/9/2018,105370,105390,105350,105390
12/9/2018,105400,105420,105400,105420
12/9/2018,105410,105450,105410,105440
12/9/2018,105440,105470,105430,105450
12/9/2018,105450,105450,105420,105420
12/9/2018,105420,105480,105420,105460
12/9/2018,105490,105490,105470,105470
12/9/2018,105450,105460,105430,105430
12/9/2018,105430,105440,105390,105390
12/9/2018,105400,105400,105400,105400
12/9/2018,105390,105410,105390,105410
12/9/2018,105420,105420,105420,105420
12/9/2018,105420,105430,105410,105430
12/9/2018,105450,105470,105420,105420
12/9/2018,105400,105400,105360,105360
12/9/2018,105340,105340,105270,105280
12/9/2018,105270,105290,105250,105280
12/9/2018,105270,105290,105230,105230
12/9/2018,105260,105280,105260,105280
12/9/2018,105290,105290,105260,105260
12/9/2018,105280,105280,105260,105270
12/9/2018,105280,105300,105280,105300
12/9/2018,105280,105290,105280,105290
12/9/2018,105290,105290,105240,105260
12/9/2018,105240,105250,105230,105250
12/9/2018,105260,105300,105260,105290
12/9/2018,105310,105350,105310,105340
12/9/2018,105320,105320,105320,105320
12/9/2018,105330,105330,105320,105320
12/9/2018,105320,105340,105320,105340
12/9/2018,105370,105380,105350,105350
12/9/2018,105320,105320,105320,105320
12/9/2018,105300,105330,105300,105320
12/9/2018,105350,105350,105340,105340
12/9/2018,105320,105320,105300,105300
12/9/2018,105310,105310,105290,105290
12/9/2018,105300,105310,105300,105310
12/9/2018,105270,105270,105200,105230
12/9/2018,105250,105250,105240,105250
12/9/2018,105200,105200,105130,105160
12/9/2018,105140,105140,105030,105030
12/9/2018,105050,105060,105000,105010
12/9/2018,105030,105060,105020,105050
12/9/2018,105030,105040,105010,105030
12/9/2018,105040,105070,105040,105050
12/9/2018,105070,105070,105070,105070
12/9/2018,105070,105070,105070,105070
12/9/2018,105070,105070,105060,105060
12/9/2018,105050,105050,104980,104980
12/9/2018,104980,105020,104980,105020
12/9/2018,105040,105040,105040,105040
12/9/2018,105030,105030,104990,104990
12/9/2018,104970,104970,104950,104970
12/9/2018,104970,104980,104970,104980
12/9/2018,104970,104970,104970,104970
12/9/2018,104940,104950,104930,104930
12/9/2018,104930,104960,104930,104940
12/9/2018,104950,105000,104950,105000
12/9/2018,104930,104930,104800,104840
12/9/2018,104850,104880,104850,104880
12/9/2018,104890,104900,104840,104840
12/9/2018,104840,104880,104840,104870
12/9/2018,104900,104920,104880,104880
12/9/2018,104880,104890,104880,104890
12/9/2018,104920,104950,104920,104950
12/9/2018,104960,104970,104950,104960
12/9/2018,104950,104960,104940,104960
12/9/2018,105000,105000,105000,105000
12/9/2018,105010,105010,104990,104990
12/9/2018,105040,105040,105030,105030
12/9/2018,105000,105000,105000,105000
12/9/2018,104980,104980,104940,104940
12/9/2018,104930,104930,104900,104900
12/9/2018,104900,104950,104900,104950
12/9/2018,104970,104980,104960,104980
12/9/2018,104990,104990,104920,104940
12/9/2018,104960,104960,104960,104960
12/9/2018,104970,104970,104970,104970
12/9/2018,104990,104990,104990,104990
12/9/2018,104950,104970,104940,104970
12/9/2018,105000,105030,105000,105030
12/9/2018,105050,105100,105050,105080
12/9/2018,105060,105060,105030,105030
12/9/2018,105030,105040,105030,105040
12/9/2018,105040,105040,105040,105040
12/9/2018,105010,105040,105010,105040
12/9/2018,105010,105010,104950,104990
12/9/2018,105070,105140,105070,105140
12/9/2018,105150,105220,105150,105160
12/9/2018,105170,105340,105170,105220
12/9/2018,105330,105430,105330,105390
12/9/2018,105440,105580,105440,105520
12/9/2018,105540,105540,105500,105500
12/9/2018,105500,105510,105490,105490
12/9/2018,105500,105730,105500,105700
12/9/2018,105680,105680,105590,105620
12/9/2018,105630,105630,105610,105610
12/9/2018,105610,105610,105580,105580
12/9/2018,105580,105630,105580,105630
12/9/2018,105560,105570,105560,105560
12/9/2018,105550,105550,105530,105530
12/9/2018,105510,105520,105510,105520
12/9/2018,105510,105530,105510,105530
12/9/2018,105530,105550,105530,105550
12/9/2018,105570,105570,105500,105530
12/9/2018,105510,105510,105500,105500
12/9/2018,105480,105500,105480,105500
12/9/2018,105480,105480,105440,105440
12/9/2018,105460,105480,105460,105480
12/9/2018,105470,105490,105460,105490
12/9/2018,105480,105480,105420,105420
12/9/2018,105460,105490,105460,105490
12/9/2018,105500,105500,105500,105500
12/9/2018,105500,105500,105500,105500
12/9/2018,105510,105550,105510,105550
12/9/2018,105580,105590,105570,105570
12/9/2018,105590,105610,105590,105600
12/9/2018,105610,105610,105570,105590
12/9/2018,105590,105610,105590,105610
12/9/2018,105550,105550,105550,105550
12/9/2018,105540,105540,105540,105540
12/9/2018,105470,105470,105440,105440
12/9/2018,105450,105450,105450,105450
12/9/2018,105420,105450,105400,105400
12/9/2018,105390,105390,105380,105380
12/9/2018,105350,105370,105350,105370
12/9/2018,105430,105430,105430,105430
12/9/2018,105460,105460,105410,105410
12/9/2018,105400,105400,105360,105360
12/9/2018,105350,105350,105350,105350
12/9/2018,105370,105370,105350,105360
12/9/2018,105360,105360,105360,105360
12/9/2018,105380,105390,105380,105390
12/9/2018,105390,105390,105390,105390
12/9/2018,105390,105390,105390,105390
12/9/2018,105350,105370,105350,105370
12/9/2018,105360,105360,105320,105320
12/9/2018,105340,105360,105340,105350
12/9/2018,105380,105400,105380,105400
12/9/2018,105380,105400,105380,105400
12/9/2018,105380,105410,105380,105410
12/9/2018,105380,105380,105380,105380
12/9/2018,105380,105390,105370,105370
12/9/2018,105410,105430,105410,105430
12/9/2018,105420,105420,105380,105420
12/9/2018,105360,105360,105360,105360
12/9/2018,105330,105340,105270,105270
12/9/2018,105270,105300,105270,105300
12/9/2018,105290,105290,105220,105260
12/9/2018,105250,105250,105160,105170
12/9/2018,105160,105200,105160,105160
12/9/2018,105180,105190,105180,105190
12/9/2018,105140,105180,105110,105180
12/9/2018,105140,105140,105140,105140
12/9/2018,105200,105200,105200,105200
12/9/2018,105280,105350,105280,105330
12/9/2018,105350,105350,105330,105330
12/9/2018,105290,105310,105290,105310
12/9/2018,105340,105340,105340,105340
12/9/2018,105330,105490,105330,105490
12/9/2018,105500,105500,105470,105480
12/9/2018,105510,105510,105450,105450
12/9/2018,105450,105490,105450,105490
12/9/2018,105490,105530,105490,105520
12/9/2018,105550,105610,105550,105610
12/9/2018,105620,105660,105620,105620
12/9/2018,105650,105810,105650,105760
12/9/2018,105810,105810,105730,105730
12/9/2018,105710,105710,105670,105680
12/9/2018,105680,105680,105680,105680
12/9/2018,105670,105670,105660,105670
12/9/2018,105680,105700,105650,105700
12/9/2018,105700,105700,105690,105690
12/9/2018,105720,105740,105680,105680
12/9/2018,105660,105660,105610,105650
12/9/2018,105660,105660,105610,105610
12/9/2018,105620,105620,105580,105610
12/9/2018,105620,105650,105610,105650
12/9/2018,105650,105650,105650,105650
12/9/2018,105660,105660,105660,105660
12/9/2018,105690,105710,105660,105660
12/9/2018,105640,105710,105640,105710
12/9/2018,105630,105650,105620,105650
12/9/2018,105680,105700,105670,105700
12/9/2018,105700,105710,105700,105710
12/9/2018,105660,105690,105660,105670
12/9/2018,105690,105740,105680,105740
12/9/2018,105700,105740,105700,105740
12/9/2018,105750,105760,105710,105710
12/9/2018,105760,105760,105690,105690
12/9/2018,105750,105750,105740,105740
12/9/2018,105740,105750,105740,105750
12/9/2018,105760,105790,105760,105790
12/9/2018,105790,105790,105750,105760
12/9/2018,105790,105810,105780,105800
12/9/2018,105750,105750,105750,105750
12/9/2018,105800,105920,105800,105920
12/9/2018,105910,106000,105910,105930
12/9/2018,105920,105920,105870,105890
12/9/2018,105870,105870,105800,105800
12/9/2018,105800,105800,105750,105800
12/9/2018,105800,105800,105790,105790
12/9/2018,105820,105820,105810,105810
12/9/2018,105800,105800,105800,105800
12/9/2018,105780,105780,105780,105780
12/9/2018,105770,105770,105770,105770
12/9/2018,105770,105770,105740,105740
12/9/2018,105740,105780,105740,105760
12/9/2018,105760,105800,105740,105800
12/9/2018,105760,105770,105730,105740
12/9/2018,105720,105730,105720,105730
12/9/2018,105710,105720,105710,105720
12/9/2018,105720,105720,105720,105720
12/9/2018,105710,105710,105680,105690
12/9/2018,105690,105690,105690,105690
12/9/2018,105700,105700,105630,105650
12/9/2018,105690,105730,105660,105660
12/9/2018,105660,105680,105650,105680
12/9/2018,105680,105690,105680,105690
12/9/2018,105710,105710,105710,105710
12/9/2018,105720,105720,105720,105720
12/9/2018,105730,105730,105730,105730
12/9/2018,105800,105800,105800,105800
12/9/2018,105850,105880,105780,105810
12/9/2018,105840,105840,105840,105840
12/9/2018,105770,105770,105770,105770
12/9/2018,105760,105760,105760,105760
12/9/2018,105770,105790,105770,105770
12/9/2018,105830,105830,105790,105800
12/9/2018,105800,105800,105790,105790
12/9/2018,105760,105760,105730,105730
12/9/2018,105760,105770,105760,105770
12/9/2018,105770,105800,105730,105730
12/9/2018,105750,105750,105740,105740
12/9/2018,105770,105770,105770,105770
12/9/2018,105760,105760,105730,105730
12/9/2018,105770,105770,105770,105770
12/9/2018,105850,105850,105850,105850
12/9/2018,105820,105820,105820,105820
12/9/2018,105740,105740,105730,105730
12/9/2018,105720,105760,105720,105760
12/9/2018,105740,105740,105740,105740
12/9/2018,105810,105820,105780,105780
12/9/2018,105880,105920,105880,105900
12/9/2018,105900,105900,105900,105900
12/9/2018,105900,105910,105900,105910
12/9/2018,105870,105870,105810,105840
12/9/2018,105830,105860,105820,105860
12/9/2018,105840,105840,105830,105830
12/9/2018,105830,105830,105800,105800
12/9/2018,105850,105850,105850,105850
12/9/2018,105860,105900,105860,105860
12/9/2018,105840,105840,105840,105840
12/9/2018,105850,105850,105800,105800
12/9/2018,105800,105800,105790,105790
12/9/2018,105800,105800,105760,105760
12/9/2018,105720,105720,105710,105710
12/9/2018,105740,105760,105740,105760
12/9/2018,105790,105810,105790,105810
12/9/2018,105800,105820,105760,105760
12/9/2018,105740,105740,105740,105740
12/9/2018,105730,105730,105700,105700
12/9/2018,105710,105720,105710,105720
12/9/2018,105690,105690,105690,105690
12/9/2018,105740,105800,105740,105760
12/9/2018,105830,105830,105820,105820
12/9/2018,105770,105770,105770,105770
12/9/2018,105750,105750,105750,105750
12/9/2018,105750,105750,105740,105740
12/9/2018,105760,105760,105760,105760
12/9/2018,105770,105770,105770,105770
12/9/2018,105820,105830,105820,105830
12/9/2018,105900,105900,105900,105900
12/9/2018,105920,105970,105920,105970
12/9/2018,105940,105940,105940,105940
12/9/2018,105900,105900,105900,105900
12/9/2018,105860,105860,105800,105800
12/9/2018,105850,105850,105850,105850
12/9/2018,105880,105880,105880,105880
12/9/2018,105810,105810,105810,105810
12/9/2018,105900,105900,105900,105900
12/9/2018,105930,106050,105930,105930
12/9/2018,106030,106060,106010,106030
12/9/2018,106040,106050,105940,105940
12/9/2018,105910,105910,105910,105910
12/9/2018,105930,105950,105930,105940
12/9/2018,105920,105920,105900,105900
12/9/2018,105870,105870,105840,105850
12/9/2018,105850,105850,105850,105850
12/9/2018,105840,105840,105840,105840
12/9/2018,105840,105840,105820,105820
12/9/2018,105800,105800,105770,105770
12/9/2018,105770,105770,105720,105750
12/9/2018,105760,105760,105660,105660
12/9/2018,105690,105720,105690,105720
12/9/2018,105740,105740,105690,105690
12/9/2018,105680,105680,105630,105630
12/9/2018,105630,105640,105580,105610
12/9/2018,105580,105580,105560,105560
12/9/2018,105550,105550,105500,105500
12/9/2018,105500,105520,105450,105450
12/9/2018,105500,105500,105500,105500
12/9/2018,105510,105530,105480,105480
12/9/2018,105490,105520,105490,105520
12/9/2018,105510,105520,105490,105520
12/9/2018,105510,105640,105400,105640
12/9/2018,105630,105690,105620,105690
12/9/2018,105720,105720,105610,105610
12/9/2018,105640,105750,105640,105730
12/9/2018,105710,105710,105710,105710
12/9/2018,105670,105800,105670,105800
12/9/2018,105830,105830,105780,105780
12/9/2018,105730,105770,105730,105740
12/9/2018,105760,105780,105740,105740
12/9/2018,105720,105820,105720,105820
12/9/2018,105840,105840,105800,105820
12/9/2018,105790,105790,105790,105790
12/9/2018,105770,105790,105700,105700
12/9/2018,105650,105670,105630,105670
12/9/2018,105600,105610,105560,105560
12/9/2018,105570,105600,105570,105600
12/9/2018,105540,105540,105540,105540
12/9/2018,105530,105540,105470,105480
12/9/2018,105530,105540,105510,105540
12/9/2018,105490,105540,105450,105540
12/9/2018,105550,105550,105490,105490
12/9/2018,105500,105530,105500,105530
12/9/2018,105530,105620,105530,105620
12/9/2018,105570,105570,105560,105560
12/9/2018,105650,105680,105650,105680
12/9/2018,105670,105670,105540,105540
12/9/2018,105500,105520,105410,105410
12/9/2018,105480,105490,105480,105480
12/9/2018,105530,105530,105500,105520
12/9/2018,105510,105520,105490,105490
12/9/2018,105540,105540,105520,105520
12/9/2018,105490,105490,105320,105320
12/9/2018,105350,105450,105350,105440
12/9/2018,105410,105410,105410,105410
12/9/2018,105340,105350,105280,105280
12/9/2018,105280,105350,105280,105350
12/9/2018,105500,105680,105500,105670
12/9/2018,105700,105720,105700,105710
12/9/2018,105800,105920,105800,105870
12/9/2018,105900,106180,105900,106180
12/9/2018,106140,106250,106140,106170
12/9/2018,106140,106190,106110,106180
12/9/2018,106250,106340,106220,106250
12/9/2018,106260,106280,106250,106250
12/9/2018,106280,106280,106280,106280
12/9/2018,106280,106360,106280,106340
12/9/2018,106250,106260,106250,106260
12/9/2018,106380,106400,106380,106400
12/9/2018,106420,106450,106400,106400
12/9/2018,106370,106400,106370,106370
12/9/2018,106370,106520,106370,106480
12/9/2018,106420,106440,106390,106420
12/9/2018,106400,106400,106380,106400
12/9/2018,106430,106490,106400,106400
12/9/2018,106410,106550,106390,106480
12/9/2018,106500,106510,106450,106450
12/9/2018,106400,106400,106320,106400
12/9/2018,106430,106480,106380,106380
12/9/2018,106380,106380,106340,106350
12/9/2018,106320,106330,106270,106310
12/9/2018,106310,106310,106300,106300
12/9/2018,106330,106370,106330,106370
12/9/2018,106370,106370,106340,106340
12/9/2018,106370,106370,106310,106310
12/9/2018,106290,106290,106230,106250
12/9/2018,106310,106310,106310,106310
12/9/2018,106310,106330,106280,106280
12/9/2018,106310,106320,106280,106280
12/9/2018,106280,106280,106230,106230
12/9/2018,106090,106280,106090,106180
12/9/2018,106130,106130,106130,106130
12/9/2018,106100,106100,106060,106070
12/9/2018,106110,106110,106110,106110
12/9/2018,106180,106190,106180,106190
12/9/2018,106250,106250,106220,106230
12/9/2018,106220,106220,106170,106210
12/9/2018,106130,106130,106120,106120
12/9/2018,106120,106120,106120,106120
12/9/2018,106210,106210,106210,106210
12/9/2018,106200,106200,106140,106140
12/9/2018,106150,106150,106150,106150
12/9/2018,106100,106100,106090,106090
12/9/2018,106120,106150,106120,106140
12/9/2018,106160,106300,106160,106300
12/9/2018,106300,106300,106300,106300
12/9/2018,106310,106310,106310,106310
12/9/2018,106310,106310,106310,106310
12/9/2018,106280,106280,106260,106260
12/9/2018,106300,106320,106300,106300
12/9/2018,106280,106320,106280,106320
12/9/2018,106320,106320,106270,106270
12/9/2018,106290,106350,106290,106350
12/9/2018,106300,106300,106300,106300
12/9/2018,106250,106250,106250,106250
12/9/2018,106210,106210,106210,106210
12/9/2018,106300,106400,106300,106400
12/9/2018,106400,106400,106380,106380
12/9/2018,106350,106380,106350,106380
12/9/2018,106410,106410,106410,106410
12/9/2018,106430,106440,106420,106440
12/9/2018,106430,106430,106430,106430
12/9/2018,106390,106390,106390,106390
12/9/2018,106250,106250,106250,106250
12/9/2018,106260,106260,106220,106220
12/9/2018,106200,106200,105980,105980
12/9/2018,105960,106020,105950,106020
12/9/2018,106010,106010,105710,105710
12/9/2018,105660,105660,105530,105650
12/9/2018,105600,105860,105600,105860
12/9/2018,105920,105950,105840,105840
12/9/2018,105880,105920,105880,105920
12/9/2018,105860,105870,105860,105870
12/9/2018,105930,105970,105930,105960
12/9/2018,105870,105960,105860,105960
12/9/2018,106000,106100,106000,106100
12/9/2018,106100,106190,106100,106190
12/9/2018,106060,106060,106060,106060
12/9/2018,106040,106040,106040,106040
12/9/2018,106010,106010,106010,106010
12/9/2018,106080,106080,106080,106080
12/9/2018,106100,106100,106100,106100
12/9/2018,106100,106120,106100,106120
12/9/2018,106100,106120,106100,106120
12/9/2018,106150,106150,106150,106150
12/9/2018,106090,106090,106090,106090
12/9/2018,106060,106060,106060,106060
12/9/2018,106020,106020,106000,106000
12/9/2018,105960,105960,105950,105950
12/9/2018,106060,106060,106060,106060
12/9/2018,106090,106100,106090,106100
12/9/2018,106000,106000,106000,106000
12/9/2018,106030,106030,106030,106030
12/9/2018,106120,106120,106120,106120
12/9/2018,106100,106100,106100,106100
12/9/2018,106050,106060,106050,106060
12/9/2018,106120,106120,106120,106120
12/9/2018,106170,106170,106150,106150
12/9/2018,106190,106300,106190,106300
12/9/2018,106230,106230,106230,106230
12/9/2018,106100,106100,106100,106100
12/9/2018,106100,106100,106100,106100
12/9/2018,106120,106120,106120,106120
12/9/2018,106090,106090,106090,106090
12/9/2018,106150,106160,106140,106140
12/9/2018,106140,106160,106140,106160
12/9/2018,106200,106300,106200,106300
12/9/2018,106290,106290,106290,106290
12/9/2018,106290,106290,106290,106290
12/9/2018,106210,106210,106210,106210
12/9/2018,106200,106200,106200,106200
12/9/2018,106200,106200,106180,106180
12/9/2018,106200,106200,106150,106150
12/9/2018,106140,106140,106140,106140
12/9/2018,106100,106100,106100,106100
12/9/2018,106110,106120,106110,106120
12/9/2018,106200,106200,106200,106200
12/9/2018,106150,106150,106150,106150
12/9/2018,106150,106150,106150,106150
12/9/2018,106240,106270,106240,106270
12/9/2018,106260,106260,106260,106260
12/9/2018,106200,106220,106200,106220
12/9/2018,106130,106130,106130,106130
12/9/2018,106170,106170,106170,106170
12/9/2018,106130,106130,106130,106130
12/9/2018,106150,106150,106150,106150
12/9/2018,106170,106170,106170,106170
12/9/2018,106170,106170,106160,106160
12/9/2018,106130,106130,106130,106130
12/9/2018,106140,106140,106080,106080
12/9/2018,106120,106120,106120,106120
12/9/2018,106200,106200,106200,106200
12/9/2018,106220,106240,106220,106240
12/9/2018,106220,106220,106220,106220
12/9/2018,106160,106160,106160,106160
12/9/2018,106160,106160,106160,106160
12/9/2018,106200,106200,106200,106200
12/9/2018,106180,106200,106180,106200
12/9/2018,106190,106190,106190,106190
12/9/2018,106200,106200,106200,106200
12/9/2018,106180,106180,106180,106180
12/9/2018,106200,106200,106200,106200
12/9/2018,106200,106200,106200,106200
12/9/2018,106140,106140,106140,106140
12/9/2018,106170,106180,106160,106160
12/9/2018,106150,106150,106040,106040
12/9/2018,106000,106020,105990,106020
12/9/2018,106000,106000,106000,106000
12/9/2018,106010,106010,106010,106010
12/9/2018,105990,105990,105990,105990
12/9/2018,105960,105970,105950,105970
12/9/2018,105960,105960,105960,105960
12/9/2018,106000,106020,106000,106020
12/9/2018,106040,106070,106040,106070
12/9/2018,106020,106020,106020,106020
12/9/2018,106000,106000,105980,105980
12/9/2018,105900,105980,105900,105980
12/9/2018,105950,105950,105950,105950
12/9/2018,105950,105950,105950,105950
12/9/2018,105970,105970,105970,105970
12/9/2018,105930,105930,105800,105800
12/9/2018,105950,106000,105950,106000
12/9/2018,105850,105850,105850,105850
12/9/2018,105920,105920,105920,105920
12/9/2018,105950,105950,105950,105950
12/9/2018,105980,105980,105980,105980
12/9/2018,106010,106020,106010,106020
12/9/2018,106040,106040,106040,106040
12/9/2018,106030,106030,106030,106030
12/9/2018,106080,106080,106080,106080
12/9/2018,106050,106050,106050,106050
12/9/2018,106010,106040,106010,106040
12/9/2018,106010,106020,106000,106020
12/9/2018,106000,106000,106000,106000
12/9/2018,105920,105940,105920,105940
12/9/2018,105970,105970,105970,105970
